-- phpMyAdmin SQL Dump
-- version 5.2.0
-- https://www.phpmyadmin.net/
--
-- Host: 127.0.0.1
-- Czas generowania: 24 Maj 2023, 11:16
-- Wersja serwera: 10.4.24-MariaDB
-- Wersja PHP: 8.1.6

SET SQL_MODE = "NO_AUTO_VALUE_ON_ZERO";
START TRANSACTION;
SET time_zone = "+00:00";


/*!40101 SET @OLD_CHARACTER_SET_CLIENT=@@CHARACTER_SET_CLIENT */;
/*!40101 SET @OLD_CHARACTER_SET_RESULTS=@@CHARACTER_SET_RESULTS */;
/*!40101 SET @OLD_COLLATION_CONNECTION=@@COLLATION_CONNECTION */;
/*!40101 SET NAMES utf8mb4 */;

--
-- Baza danych: `pap`
--

-- --------------------------------------------------------

--
-- Struktura tabeli dla tabeli `conversation`
--

CREATE TABLE `conversation` (
  `conversation_id` int(11) NOT NULL,
  `name` text NOT NULL,
  `number_of_users` int(11) NOT NULL,
  `currently_palaying` int(11) NOT NULL DEFAULT 0
) ENGINE=InnoDB DEFAULT CHARSET=utf8mb4;

--
-- Zrzut danych tabeli `conversation`
--

INSERT INTO `conversation` (`conversation_id`, `name`, `number_of_users`, `currently_palaying`) VALUES
(1, 'first_conversation', 2, 0),
(2, 'second_conversation', 3, 0),
(3, 'some_name', 2, 0),
(4, 'some_other_covn', 2, 0),
(5, 'something', 8, 0),
(6, 'interesting_group', 2, 0),
(7, 'some_test_conv', 4, 0),
(8, 'fazcdx', 2, 0);

-- --------------------------------------------------------

--
-- Struktura tabeli dla tabeli `files`
--

CREATE TABLE `files` (
  `file_id` int(11) NOT NULL,
  `file_name` text NOT NULL,
  `user_id` int(11) NOT NULL,
  `file_path` text NOT NULL,
  `is_image` tinyint(1) NOT NULL DEFAULT 0
) ENGINE=InnoDB DEFAULT CHARSET=utf8mb4;

--
-- Zrzut danych tabeli `files`
--

INSERT INTO `files` (`file_id`, `file_name`, `user_id`, `file_path`, `is_image`) VALUES
(1, 'first_file', 3, '/home/smth/first_file.mp3', 0);

-- --------------------------------------------------------

--
-- Struktura tabeli dla tabeli `messages`
--

CREATE TABLE `messages` (
  `message_id` int(11) NOT NULL,
  `sender_id` int(11) NOT NULL,
  `conversation_id` int(11) NOT NULL,
  `creation_date` datetime NOT NULL,
  `text` text NOT NULL,
  `is_image` tinyint(1) DEFAULT 0
) ENGINE=InnoDB DEFAULT CHARSET=utf8mb4;

--
-- Zrzut danych tabeli `messages`
--

INSERT INTO `messages` (`message_id`, `sender_id`, `conversation_id`, `creation_date`, `text`, `is_image`) VALUES
(1, 1, 1, '2023-03-19 14:49:05', 'First message', 0),
(2, 2, 2, '2023-03-19 19:50:10', 'Some information 123', 0),
(3, 3, 2, '2023-03-19 21:37:00', 'Another important message', 0),
(4, 1, 1, '2023-03-26 12:44:51', 'new_message', 0),
(5, 2, 1, '2023-03-26 13:07:17', 'new_message2', 0),
(6, 2, 1, '2023-03-26 13:11:46', 'new_message3', 0),
(7, 2, 1, '2023-03-26 13:21:48', 'new_message3', 0),
(8, 2, 1, '2023-03-26 13:24:23', 'new_1234543', 0),
(9, 2, 1, '2023-03-26 13:25:45', 'new_1234543', 0),
(10, 2, 1, '2023-03-26 13:31:37', 'new_1234543', 0),
(11, 1, 2, '2023-04-07 14:06:52', 'Hello there', 0),
(12, 2, 2, '2023-04-07 14:10:19', 'General Kenobi', 0),
(13, 1, 3, '2023-04-07 15:53:06', 'Hello', 0),
(14, 3, 6, '2023-04-07 16:00:27', 'Hello There!!!!', 0),
(15, 6, 6, '2023-04-07 16:01:32', 'General Kenobi!', 0),
(16, 1, 1, '2023-04-07 19:44:33', 'smth', 0),
(17, 1, 2, '2023-04-08 13:00:48', 'hello', 0),
(18, 1, 2, '2023-04-08 13:16:55', 'Hi', 0),
(19, 2, 2, '2023-04-08 13:26:25', 'Hello', 0),
(20, 6, 7, '2023-04-08 17:46:14', 'Hello', 0),
(21, 2, 7, '2023-04-08 17:54:01', 'Hello', 0),
(22, 1, 2, '2023-05-01 14:57:26', 'Hello there', 0),
(23, 1, 5, '2023-05-01 15:24:06', 'Hi', 0);
INSERT INTO `messages` (`message_id`, `sender_id`, `conversation_id`, `creation_date`, `text`, `is_image`) VALUES
(31, 1, 1, '2023-05-03 21:45:36', '[-119,80,78,71,13,10,26,10,0,0,0,13,73,72,68,82,0,0,0,100,0,0,0,56,8,6,0,0,0,11,-82,93,-40,0,0,59,73,73,68,65,84,120,94,117,-68,-25,115,92,-41,-67,45,8,-111,68,14,-35,0,58,-25,-100,-69,-47,9,-99,-47,8,-115,-100,51,64,100,34,50,-127,-103,20,37,81,-94,68,69,-110,-54,-78,37,90,-74,101,95,-5,-38,-66,-10,123,53,85,-13,101,106,-86,-90,-22,85,77,-43,-44,76,-51,95,-75,102,-3,118,83,-78,-33,-99,-70,31,118,-99,70,-121,3,112,-81,-67,-46,62,-89,-39,48,-10,-37,-97,48,-15,-121,63,97,-4,-9,-1,-90,-58,-40,-17,-2,-120,-31,87,-65,71,-23,-85,95,35,-7,-18,-121,8,-33,125,19,-95,-69,-113,17,127,-62,-57,15,-98,-64,119,-29,62,92,39,-25,-80,-17,-98,64,55,49,-113,-58,94,3,46,-74,-75,-29,66,43,71,123,39,46,-23,-116,-72,-60,-25,46,-76,-76,-94,-95,-95,-95,62,-34,120,-125,63,-73,-32,-115,11,23,-44,-49,111,92,-68,-120,11,-115,77,-1,124,-3,95,-34,-9,-53,-8,79,-81,-55,103,91,-11,122,104,61,62,104,-68,1,-24,114,3,112,44,-17,-62,-73,113,-128,-48,-58,62,34,75,-21,-120,46,109,-96,111,99,23,-39,-61,107,40,-34,122,19,-71,27,15,81,-72,-9,30,-118,-25,-113,80,-30,-33,60,116,-13,62,-14,7,-89,-24,-33,59,-31,-15,42,114,123,103,72,-15,-77,-47,-123,13,36,-41,-9,80,-68,114,13,3,124,95,73,94,-37,58,68,97,-25,4,-71,-51,43,72,47,94,70,116,98,1,-127,-22,56,-36,-14,123,83,5,-40,18,-3,-80,-59,-77,-80,-9,-27,-43,49,80,30,-59,-32,-18,117,12,-17,-97,35,-65,-80,-125,-4,-36,54,18,35,-13,112,39,-118,-80,6,83,-80,-8,-30,-80,6,-6,96,114,71,-95,53,-40,-47,-42,-43,-125,-106,118,13,46,54,54,115,52,-95,-71,-83,19,-51,-100,-65,-122,81,1,-28,-89,58,16,-109,127,-4,119,-116,-3,-12,39,12,-2,-16,59,-28,-97,127,-119,-52,-121,-49,-111,-4,-32,83,-124,31,62,-31,120,23,-47,119,62,68,-20,-67,79,-31,60,-70,-87,-122,-82,54,77,64,-12,104,-44,116,-29,18,-57,-59,110,29,46,116,106,-48,104,-80,-96,-91,75,-53,-119,-4,-25,-60,94,104,106,86,64,-88,-55,-67,116,73,-127,-8,-1,-101,-8,-1,-4,-13,127,122,-83,-87,-85,11,61,-63,8,116,-47,56,12,-55,12,28,-125,-93,8,45,-84,34,-77,127,-116,-62,-23,13,-92,119,14,-111,-39,61,68,-2,-24,26,-54,-41,-17,-95,-60,81,56,-69,-115,-14,-43,-37,-88,-100,-35,-62,-16,-7,3,2,113,-122,-20,-50,17,10,60,-26,-9,78,-111,-33,-65,-118,-20,46,65,-38,-106,-25,-82,-95,-60,127,87,-123,35,79,48,50,107,123,-56,-82,-18,42,64,98,-109,75,8,14,79,-63,91,-82,-63,-35,63,0,103,-70,4,71,-78,-96,-114,-18,-2,42,-94,-75,57,100,-25,46,-93,-72,114,-128,18,71,97,97,87,-115,-52,-40,42,124,-103,42,108,4,-59,25,-51,-61,-101,40,-61,-20,-119,-62,-24,12,-62,-20,14,-13,-24,71,-73,-55,-114,14,89,-40,-78,72,39,-1,-16,111,-104,36,67,-90,-2,-8,103,76,-3,27,1,33,75,-86,-65,-2,17,-39,-113,62,67,-30,-99,15,-112,-2,-24,5,-6,95,124,-125,-4,87,-33,35,-11,-55,-105,-120,-66,-5,49,28,71,55,96,-31,-54,-20,46,15,-93,-51,96,-62,69,-126,112,-119,96,92,-20,-18,85,-128,92,-44,-10,40,-74,-44,39,-72,62,-55,23,-102,-55,-112,-117,-105,126,-103,-32,-117,-83,109,120,-29,-115,58,99,100,116,116,116,-42,95,-1,47,64,105,108,108,84,32,107,-56,16,125,-84,15,-58,116,14,-26,-2,2,124,-109,115,10,-120,-62,-55,117,100,101,-11,95,57,67,-15,-116,-109,122,-29,30,6,-56,-26,-127,-21,119,80,-67,113,23,-125,28,-43,-21,119,-111,-69,114,21,-103,77,78,-38,-31,117,-108,-113,-7,-66,-45,-37,-88,94,-69,-85,-114,-91,-61,27,-88,-100,-36,-62,-64,-23,45,20,9,86,-106,-84,73,-52,-81,33,58,-71,-120,-8,-12,50,18,-45,43,-120,-44,102,-31,-81,-116,-63,91,24,82,-64,-72,-78,21,-8,-117,35,-120,-115,46,32,50,52,-125,112,117,18,-71,-7,29,84,86,-113,48,-80,118,-124,-54,-54,33,18,-125,115,-118,41,-50,104,-114,-128,-108,-32,-116,100,-31,-119,-27,-31,-29,-29,104,-95,-122,64,-70,2,-85,63,-122,-50,110,3,26,102,-1,-4,23,-52,-3,-27,111,-104,-2,-45,-65,43,-90,12,-1,-16,91,84,127,-11,10,-7,23,95,34,116,-25,33,18,-108,-83,-14,-81,126,68,-11,-43,79,-24,-1,-4,59,-60,-34,-1,12,-82,-85,119,97,94,-37,69,87,-70,0,-83,-51,65,118,104,-47,100,-76,40,80,46,-76,119,40,-128,-34,-32,4,54,-4,-117,68,93,-20,-20,-30,115,77,10,-124,55,46,-68,-106,-84,127,-99,124,121,44,-17,-1,47,0,-111,115,-76,27,-51,-48,-72,-67,-24,-10,7,-21,-96,-112,37,126,2,18,91,-37,66,108,117,11,105,-78,35,119,-27,-108,-116,-72,-123,42,-39,48,64,0,-54,-89,55,81,36,99,-122,110,-34,-61,32,37,-85,74,-96,18,43,-105,-47,-73,-52,-43,76,112,10,-108,-89,18,-91,-86,-80,79,32,15,8,18,-39,49,112,124,-114,26,-27,110,-14,-10,91,4,-26,42,18,-77,107,100,-56,50,98,-108,-83,-56,-24,28,-126,-125,19,-16,-28,7,-31,-52,-108,-55,-110,60,92,-23,50,-126,4,-55,95,-84,-63,73,-42,-8,-13,-61,40,16,-108,-95,-115,83,84,9,76,110,106,3,-119,-22,12,-30,-27,41,-124,115,4,32,53,-128,80,-1,48,-94,-71,81,-124,-77,67,-120,-28,70,-32,32,32,77,45,84,-115,-123,-65,-2,13,75,-1,-15,15,5,-54,-8,-17,-1,64,48,-66,-57,-64,119,-33,35,-1,-14,43,68,30,60,70,-32,-4,30,-78,-49,-65,66,-10,-59,-41,60,126,-115,-60,7,-97,-63,-63,63,88,55,-71,-128,-58,30,29,71,-81,-110,-85,38,-109,21,23,121,124,67,-92,-87,-119,19,79,109,-4,121,-110,47,-16,-25,11,-30,51,-12,21,1,-91,-115,108,-8,-97,38,-100,-17,83,-2,-14,95,-128,33,-49,55,119,-9,-64,28,79,66,-29,-14,42,31,-47,69,19,4,36,13,-33,-60,12,-3,99,3,-63,-71,21,122,-56,58,82,91,-5,-56,9,83,-10,41,57,100,78,-6,-14,30,101,-23,4,-27,19,97,-61,57,89,-13,0,-3,-108,-84,-60,-14,38,-6,-73,14,-48,127,-7,0,-23,-11,93,-60,23,-42,17,-97,95,71,114,101,71,49,101,-2,-35,-49,-80,-12,-12,37,102,31,127,-124,-95,-45,-69,72,46,108,34,60,58,-117,-64,-32,56,-30,35,83,-12,-112,44,44,-47,52,108,-47,12,-84,-111,-76,2,-59,-51,-31,74,-28,-31,-120,-11,35,61,-66,-126,-127,-27,67,12,-82,-112,37,11,-5,40,-50,110,-93,48,-79,-114,-2,-47,21,20,39,55,-112,-83,45,33,57,48,3,-101,47,1,95,-84,-128,72,122,8,61,122,27,26,-106,-2,-29,63,-80,-12,-9,127,-88,49,-11,111,127,70,-27,-37,-17,48,-12,-61,-113,40,124,-2,53,-6,-34,123,6,-1,-11,-37,8,-110,41,-15,39,-49,16,125,-21,41,-36,92,109,-58,-95,49,-76,-6,-126,52,-14,86,92,-46,118,-93,81,111,-84,-101,59,37,-91,14,72,115,29,16,78,-78,2,-121,-98,-15,6,77,-3,2,101,-22,-94,72,-45,-91,127,74,-105,2,-125,-85,95,-61,9,-65,64,99,123,-93,-123,82,118,-87,-15,127,-106,59,-78,77,-21,-11,-93,39,16,66,-105,-45,77,-106,-8,-48,27,-119,-63,86,26,64,96,106,14,125,100,-120,-104,122,108,-103,43,81,49,-27,8,41,-114,-76,76,-74,76,-6,-34,-79,-14,-114,18,-91,-88,66,121,18,0,-62,-109,-13,-120,-50,46,35,73,96,68,-106,34,-45,75,-120,-50,-84,32,73,-49,-104,124,-8,1,86,62,-4,10,-117,79,63,-57,-30,-109,-49,48,-13,-16,25,-54,-69,87,17,29,-101,-93,92,-115,-46,-40,-85,48,-121,-5,-96,-13,-124,8,70,10,-90,96,28,14,2,33,-32,24,125,81,5,80,98,120,14,-71,-23,77,-108,-26,118,81,-103,-33,69,113,-6,50,-14,4,-92,-113,76,9,-25,-122,9,-58,52,-78,-61,11,-16,82,-70,2,-12,-107,68,-1,24,98,-103,17,1,-28,111,88,-7,-57,63,-80,-4,-113,-1,70,83,-1,35,-54,95,125,-115,-22,-9,-81,80,-4,-22,91,100,63,125,-119,-24,-93,-73,-31,-67,122,14,-57,-10,1,-84,-4,-121,-9,-108,-86,-24,-48,104,-44,68,95,-92,60,53,-46,55,26,-11,38,26,-71,-119,-110,-43,75,-1,-24,-58,-123,14,-54,-45,107,54,8,16,42,85,-111,33,-14,126,-111,-76,55,-102,90,8,-42,-59,58,80,28,23,-102,-101,-7,58,95,-21,-42,-29,-115,-10,46,52,16,76,1,69,-92,77,-104,35,102,110,-116,-9,-95,-53,-27,70,-105,-61,-91,124,-92,39,16,-122,-75,56,0,-33,-8,52,-36,-75,9,-40,9,-114,-77,58,2,79,109,18,-63,-23,5,-124,23,-56,24,26,126,114,109,7,-55,-51,61,-126,-60,100,117,114,-101,0,81,-45,23,-41,9,-56,28,-62,19,-108,-69,-71,85,-60,-25,-42,20,24,-71,-35,51,-44,-104,-54,102,-34,125,-114,-11,79,127,-123,-107,15,-66,-60,-44,-3,-89,24,-71,-10,16,-91,-99,-85,74,-78,-68,-123,65,-107,-78,-116,-127,24,122,93,126,88,66,125,48,120,35,10,4,57,-10,56,124,48,-7,-29,8,80,-74,114,-109,-21,72,-113,46,33,82,-92,-25,36,75,-16,36,10,112,69,-5,-95,-77,122,-48,-43,99,-126,35,-112,68,-84,-65,-122,112,-78,10,79,48,-125,64,40,-113,-122,-59,-65,-4,-69,2,100,-23,-17,127,-57,-40,111,127,-117,-62,-53,47,80,-4,-14,107,20,-66,-8,10,-71,23,95,32,-7,-2,71,74,-74,-84,-85,-101,76,85,19,104,-27,10,-67,-44,-85,-61,27,-100,68,-15,-114,70,62,110,54,91,41,89,22,5,-58,27,98,-34,-62,4,49,118,1,69,38,-106,-128,-88,-25,-27,103,57,-66,6,66,49,73,-114,100,-61,-123,78,-78,-117,-47,89,49,-124,67,0,-109,100,-42,-40,-34,-114,86,-99,-98,32,120,-47,-62,-33,-43,-27,116,41,31,-111,97,74,-11,-61,65,32,76,-12,-110,94,-90,47,99,34,5,107,-74,0,123,-66,12,-49,-16,56,2,19,-77,-120,-50,-81,40,121,10,113,-30,-109,91,-57,-120,-16,-24,31,-103,-128,119,-80,-122,-32,-40,12,-63,-39,64,-98,96,21,-104,-76,-90,-33,-7,20,43,31,127,-117,-27,-113,-66,-63,-27,23,-81,-80,-6,-20,107,-116,-33,126,7,37,-78,35,57,-65,-119,8,25,-30,45,14,42,-71,-46,121,-126,4,36,64,118,36,-96,-109,99,32,-114,30,-101,7,90,-109,3,122,71,0,22,63,-91,40,51,-128,96,126,68,-127,96,116,5,21,16,6,-121,31,-99,61,70,-76,119,-23,96,117,69,-31,-12,-10,-63,-58,40,108,117,70,48,-36,-65,-128,-122,-23,-33,-1,22,-53,127,-1,27,22,-1,-10,87,-116,-4,-16,10,-91,47,-65,66,-7,-101,111,121,-92,103,124,-10,2,-15,119,-98,34,124,-1,77,56,-9,-113,-48,65,35,-67,68,105,17,-61,22,48,-28,-79,72,86,19,-51,86,-103,-74,-102,-20,70,53,-47,-110,-78,46,-110,41,77,102,91,61,97,-15,51,2,-112,-22,35,2,-112,-104,-66,-56,-46,107,-33,16,102,-68,-47,41,-128,-14,61,28,-110,-72,26,-55,-86,102,-98,-65,85,111,64,-101,-47,-92,124,68,24,-46,110,-79,-47,-32,77,-80,-48,83,12,-116,-64,93,12,22,-99,-42,-6,115,109,4,-81,-53,106,-121,62,28,-121,-77,-62,36,84,-83,-63,-106,99,-78,-87,-48,68,25,68,34,4,-64,59,60,1,87,-79,10,63,-113,34,93,89,-78,102,-16,-26,35,44,60,-5,18,43,-97,124,-121,53,-78,99,-125,99,-10,-15,-57,-88,30,-35,70,102,105,11,-31,-111,25,4,-121,38,-32,47,-113,-64,-42,-41,15,-67,47,12,-99,59,0,-125,47,-94,0,-23,-107,-8,106,117,51,-66,-102,-96,49,-38,-48,109,113,-63,66,-112,-36,100,-123,-119,-15,86,99,-80,-94,75,94,-45,89,-48,-87,53,66,-37,107,-123,-51,21,67,32,90,-126,-59,70,-80,12,78,76,-28,-42,-48,80,-5,-18,107,44,-3,-19,47,-104,-1,-53,-97,49,-8,-19,55,40,125,-2,57,42,95,127,-125,1,122,73,-65,2,-28,93,68,30,-66,5,-25,-18,21,-76,-72,60,106,34,101,69,11,16,-11,116,101,-86,3,34,82,36,61,67,1,-46,82,-17,36,-108,-95,70,41,-118,52,127,37,113,42,105,-119,20,-119,-73,-120,-23,-1,-117,-111,-117,60,-75,118,-68,-10,16,-111,-79,22,52,-15,-3,45,61,61,10,-120,22,-98,-93,-35,108,65,-101,-55,-84,64,106,-22,-46,-96,-125,-65,91,-64,-24,-32,-17,111,97,-72,104,98,-70,107,-27,-5,58,9,-104,-122,76,-42,5,67,117,-58,112,85,59,57,-103,-66,-103,85,120,-71,-54,29,-107,26,-12,-127,8,-52,-119,52,60,4,42,-71,-70,-125,-63,91,111,97,-98,-128,-20,124,-3,123,108,60,-1,30,-77,111,127,-54,98,120,13,-111,-119,37,120,-23,27,-98,-46,16,-68,28,-66,-46,48,-93,110,25,-42,120,6,-90,16,-67,35,-102,-124,-98,94,98,-16,-124,-31,74,22,-107,-95,59,-94,89,-40,-62,41,56,24,111,45,-108,47,97,-115,70,47,-128,-104,25,109,-115,-81,1,-79,-64,98,15,-64,-18,-114,-61,104,-15,66,-81,-77,99,38,-65,-127,-122,-54,-13,79,48,-9,-89,63,96,-6,15,-65,71,-7,-13,23,-56,60,-5,0,125,111,-65,-51,30,-14,17,-6,63,-7,20,-79,55,-33,-122,-25,-8,20,-26,-7,69,53,-7,-54,-112,57,-119,50,-71,23,59,59,-43,81,100,-21,66,91,91,93,-126,68,-82,52,61,-72,-56,-119,17,79,105,-26,-28,-76,56,-36,-22,125,98,-22,2,-116,120,-122,124,-10,-25,-94,-8,75,-76,37,-104,23,123,-12,4,-101,-109,-37,77,102,24,-116,104,-27,-71,-91,-95,-73,-15,113,-93,-4,78,-78,-20,34,-63,-70,-60,115,-75,8,99,-20,4,-124,32,-75,-111,69,-83,44,-87,18,-115,5,36,-115,-35,-119,110,-54,90,15,-61,-128,62,-38,7,11,123,-125,-67,58,6,-41,-16,36,-100,3,53,-104,8,-122,37,-55,-119,-53,-28,-103,-82,-42,80,-69,-13,4,107,4,-30,-14,-53,87,88,122,-10,21,70,-49,-33,70,106,121,23,126,70,92,103,127,5,-10,84,-114,49,-73,72,-55,34,48,-123,42,11,97,-111,13,61,3,-125,63,-94,-104,-94,-93,-97,-24,-55,20,51,-29,-85,12,35,1,-46,83,-98,116,54,-2,13,102,39,122,-51,110,116,27,29,-48,-22,-84,76,83,-108,53,-93,11,86,123,16,38,11,-3,-112,-51,93,111,112,96,-68,127,5,13,-39,-9,-34,-58,-8,111,126,-115,-55,-33,-1,-120,-30,103,-97,32,-11,-18,19,-8,-114,-113,-32,-71,114,-128,-64,-43,-85,8,-98,-33,-126,107,119,15,-70,-63,97,-6,-121,-21,-97,-102,79,-23,17,-55,-110,-119,-66,-60,116,37,12,-71,-40,38,41,74,-92,-85,89,-103,121,-93,-50,-96,70,-77,-59,-50,4,86,15,2,-62,14,-111,46,-59,-106,-41,69,81,49,-26,117,-20,-67,-40,107,68,51,35,116,11,39,88,-52,-68,-79,-93,67,77,-2,5,-66,87,-11,25,1,-108,97,-31,34,-63,111,33,83,58,-56,-102,118,-126,-43,78,15,-109,33,-64,40,80,-104,-60,58,109,78,74,-103,29,-35,-66,16,76,-78,-86,75,-44,115,78,-80,-81,54,-91,-104,-31,-56,-107,21,32,-55,-91,77,-116,-36,121,7,51,111,125,-116,-123,-9,94,98,-20,-50,-69,40,-19,95,71,106,105,-69,14,72,-106,-109,-33,71,-16,18,25,-10,-113,-86,98,-119,-109,29,76,-46,85,-81,-45,7,-115,-123,-117,-126,-63,-90,75,-49,-33,-85,-89,36,25,-52,74,-74,-76,70,-2,110,14,-15,14,-93,-99,-32,88,-36,48,88,-67,48,19,8,3,-127,-24,-91,76,-11,16,-92,110,-125,-115,71,59,18,-63,50,26,-110,111,-34,-61,-56,-81,-66,-62,-28,-17,94,-95,-14,-7,115,36,30,-35,-121,-1,-12,8,-42,-59,5,88,-105,22,-32,-68,124,25,-122,-15,9,104,-110,41,-82,116,-57,47,-85,90,37,44,-82,72,-103,-40,102,-82,-56,70,73,80,92,-71,98,-60,106,-101,-124,67,-34,35,96,-120,-31,75,52,22,16,-21,-125,-128,116,72,-38,-86,-17,103,9,115,-108,-49,16,-108,75,-4,-121,52,91,-22,101,-13,34,-33,123,-111,-47,90,70,43,-29,-14,-123,-90,70,21,-127,47,-112,73,77,4,94,-128,16,-39,18,80,90,9,-68,-56,-38,-49,-93,-109,-85,-74,-99,-2,-43,-50,-33,-33,-63,97,72,-26,-56,-112,113,-72,40,93,94,2,-30,46,-119,-121,-116,-61,55,56,74,-45,-33,98,44,-66,-127,-46,-47,45,-106,-60,115,100,55,-82,-80,119,108,32,-59,17,30,-99,-127,-81,76,-103,-22,47,81,-86,-118,42,101,9,40,38,-90,44,-83,-51,5,45,-1,86,-115,-39,-114,46,-93,21,26,-39,2,-47,-103,-48,-87,35,48,-12,12,45,-1,45,58,11,-115,-36,-26,-125,-39,-63,50,-53,-93,-119,50,37,-128,-24,-51,12,0,-12,19,73,91,26,-126,-40,99,114,42,-74,-112,33,-113,49,-12,-19,-25,100,-56,43,84,-65,122,-119,-40,-3,59,-16,30,30,-64,-66,-74,-126,-34,74,25,-122,-47,81,-24,-122,-122,-48,25,-115,-87,73,-6,89,-13,85,-89,16,9,-31,-92,55,113,85,-74,104,101,2,91,-21,96,-68,-114,-76,-14,-98,38,73,96,92,49,-54,-4,101,-101,-123,19,43,-5,88,50,20,-109,-92,-121,-4,-117,-71,95,-20,-94,84,81,127,-101,-20,-98,58,-72,2,-128,36,58,-98,-21,-110,-80,-114,44,84,-52,16,70,-24,-21,-128,-76,83,-78,-124,29,45,2,10,23,-119,-8,75,11,95,107,-27,-24,116,122,-47,97,-91,124,-7,-61,48,103,75,112,-48,79,-62,-117,-105,-31,-30,36,-37,-46,-3,112,50,-111,-7,89,-12,124,35,-45,-116,-64,27,-108,-81,13,-40,40,79,-114,116,14,-127,-22,40,34,-116,-47,-95,-95,113,-102,-7,48,-5,71,69,1,35,71,61,83,86,-89,-127,127,3,127,-89,48,66,71,-90,-24,105,-20,93,124,-82,-117,-128,104,-71,-22,-123,21,50,-15,38,-90,46,-39,-73,-78,-47,79,108,-66,56,-52,-82,16,116,-108,48,101,-16,76,92,-30,45,98,-8,29,90,61,26,-14,31,-65,-121,-127,47,62,33,32,63,16,-112,23,100,-56,61,120,-10,46,-61,-70,48,75,86,36,8,68,4,109,110,122,-128,116,5,-103,28,73,72,-81,-37,-73,72,-106,52,-11,70,49,120,122,-126,-122,9,71,-98,-1,121,-110,101,-43,-41,123,-118,81,121,-52,37,-66,87,121,9,31,75,47,81,108,-5,-41,-92,-59,-13,-54,-17,105,-26,-118,-109,13,75,-111,-91,75,124,111,51,23,66,107,47,-3,-120,19,45,49,-72,73,76,-98,-85,95,-34,-45,-52,115,-74,19,-12,22,-2,110,97,70,51,-29,118,19,37,-76,-123,18,-46,97,119,-93,-45,-18,82,12,-47,56,-60,-28,-39,23,-46,-108,-88,-99,51,-92,-10,-82,17,-112,-100,106,-1,-106,120,10,122,127,-120,-14,85,84,50,102,-95,-25,88,-23,49,118,-58,106,87,-90,0,119,127,89,13,59,37,-53,-50,-124,-27,72,-10,-61,77,9,-44,121,-125,-48,18,108,35,19,-105,61,-106,33,51,-72,8,52,-67,42,81,-23,69,-102,28,33,24,109,126,2,-64,-41,-125,73,56,-72,-48,-28,104,-11,70,-55,22,-81,-110,51,-19,-21,-12,-43,-50,-49,53,51,-44,52,-108,95,124,-128,-46,-13,103,24,-8,-14,83,5,76,-20,-34,57,92,-105,-41,96,-98,30,71,87,95,-100,70,-82,-81,23,59,106,-8,69,2,34,26,46,-38,47,-90,-36,-56,73,16,95,105,-79,-54,-28,104,112,-119,-85,95,38,93,-59,90,38,40,1,-80,81,-92,71,124,64,-103,124,-35,115,84,17,-92,12,-87,38,-1,26,16,57,54,-15,-100,-78,-70,-101,120,-98,38,-111,59,122,72,43,83,86,-101,-63,-96,94,19,118,-76,-110,9,-99,-34,0,52,-100,92,13,87,125,15,39,-49,84,-88,-96,-121,-109,-38,36,-69,-50,-62,74,97,-48,107,48,-22,62,66,51,117,113,2,-24,43,70,-66,63,68,22,-60,-42,89,116,-23,3,6,-23,47,33,38,46,62,111,39,32,114,-76,-60,-110,48,-123,105,-52,124,-51,20,-118,49,-38,114,69,-69,-3,44,125,110,26,121,-70,14,18,-39,38,-96,-72,-46,-78,119,53,-56,14,-30,70,35,123,84,59,-45,101,-81,-39,69,86,4,21,40,-30,31,38,55,-63,14,36,56,-30,-80,-121,-110,112,-78,68,58,-126,-20,31,-34,56,37,-51,69,-39,-110,94,-46,11,109,-89,65,0,121,-97,-34,-15,-95,26,-27,-105,31,33,-11,-50,125,-8,14,119,97,28,27,66,123,-48,71,73,106,-81,-81,118,1,69,82,-112,-80,68,38,-102,41,-88,-119,-23,-89,35,24,70,103,44,-82,30,11,72,-105,122,-22,61,69,62,39,0,-119,52,73,-38,-110,104,-36,-58,-119,-108,68,38,-34,-13,115,124,-106,-13,-119,20,9,-48,-11,120,-53,21,79,0,58,-116,-108,2,19,-115,-46,66,0,36,-18,-14,-4,18,123,-69,57,97,-67,44,-128,-58,124,5,58,-90,-92,30,-82,100,121,78,71,-45,-19,-96,60,41,86,50,-2,-118,119,104,-100,108,-60,2,6,127,-81,-42,-29,87,113,-72,-105,-109,107,-32,100,11,35,-12,62,-10,8,30,-115,-95,40,-39,-110,-121,41,-110,32,24,4,38,41,76,-56,42,64,-12,-98,-128,2,66,76,-69,-115,127,119,55,125,67,64,-112,17,26,24,69,-84,54,13,47,-127,105,97,-79,109,98,-9,106,-29,74,-105,-44,-92,-52,-6,103,83,-89,-4,-102,-104,-70,44,-66,24,92,-116,-62,-127,84,5,-63,116,5,78,50,70,0,-23,101,10,-109,-40,107,-45,121,-48,48,-16,-14,3,12,127,-5,28,-43,47,63,70,-18,-39,-37,-120,-100,-97,-62,50,59,14,109,58,-127,-18,92,26,-19,1,47,101,73,38,95,87,79,67,106,-73,-10,-62,107,-122,-24,56,-55,-44,-24,96,-112,44,-79,82,-102,12,106,107,68,36,73,38,94,-52,-72,-66,45,-46,86,47,-123,34,91,-30,37,124,-97,-70,38,66,73,106,-27,-49,109,4,65,-104,-48,110,52,-86,2,40,102,-35,105,50,42,48,-76,54,-46,-102,-47,86,30,-53,62,-106,-95,-65,0,125,127,17,58,-90,35,29,37,-91,-121,-85,-71,-99,-49,-73,50,-103,-75,114,-14,-101,-104,116,84,9,37,48,93,-116,-66,122,-82,-2,110,-126,33,49,88,18,-105,-122,-116,-23,-111,56,-52,-47,43,-111,-104,-128,24,-72,-88,-124,41,2,-114,48,-61,74,-64,-99,60,-65,37,-102,80,-49,-11,-70,124,-54,39,90,-71,-80,100,-24,25,24,68,-66,4,-112,-8,-24,44,92,125,57,-76,-48,-5,-60,3,-38,58,-70,-107,81,-117,4,-11,-48,-44,59,-103,26,-75,52,123,-125,-61,7,43,1,113,-77,-93,-56,118,123,40,91,-123,35,-48,7,-93,-109,-117,-123,29,-91,-75,-99,-54,-48,-44,-122,-122,-36,-45,-5,-56,63,125,-128,-24,-51,67,-72,54,-105,96,-102,24,-126,113,124,8,-122,-111,1,-12,14,20,-48,-99,79,67,67,112,-76,-71,-52,47,-87,-88,110,-22,-83,10,-112,86,-113,-105,-96,5,-48,76,64,100,-56,115,23,-56,-114,102,78,100,51,39,82,117,21,-39,-5,106,-107,109,-109,-26,122,18,-109,-28,68,-26,-76,74,-113,-80,88,-55,6,78,-66,-115,101,-50,110,-81,119,10,74,-95,-80,67,-61,-13,117,51,-39,-11,-72,-104,102,-8,-102,48,69,88,34,-52,107,103,-78,-45,-47,-108,59,56,-79,114,-82,14,122,71,59,39,-86,51,-108,80,-65,-29,34,75,105,7,37,-85,-101,127,-97,59,67,-32,-124,33,-12,29,41,-111,-62,20,105,-13,90,2,-40,67,86,9,40,-62,18,99,48,10,3,11,-93,48,-61,74,9,116,-14,-4,54,22,63,51,91,-65,-106,64,-74,81,-114,90,-27,-9,-48,-56,123,28,30,-98,-73,-88,-28,-54,69,95,-111,45,17,-117,-117,-116,-94,68,73,-70,106,99,23,-109,-85,-126,2,-116,-104,124,47,-103,96,-110,-117,82,52,116,103,40,5,79,44,71,-55,-118,42,-61,-41,25,-99,-24,-24,-32,-5,-70,104,-22,-31,-77,109,4,-114,54,-32,-37,91,-123,115,125,22,-70,114,6,29,1,55,-70,-30,65,-12,20,50,112,-84,-50,41,-58,-24,6,75,104,-46,-11,-4,98,-62,117,22,-12,-94,-51,-17,39,32,126,-59,-112,-10,64,80,-83,-2,58,19,-76,100,12,19,15,39,-10,34,-67,64,64,82,-111,87,109,50,-74,-85,-114,-95,-107,125,41,2,-47,-59,73,86,12,16,121,34,32,29,-108,44,-115,-19,53,24,124,-49,-49,-128,116,-15,-75,86,-98,-9,-110,-38,-126,105,69,-117,108,104,-54,-59,49,-6,82,27,-91,-92,51,24,67,15,-91,-92,-103,-47,83,79,-115,55,-48,-120,-75,-30,27,17,62,-49,99,23,-127,-48,-55,-42,11,63,39,9,-83,83,-82,-81,-16,-71,110,105,-11,-108,53,1,70,-114,-67,-12,27,61,-113,54,-126,98,102,27,-73,-124,19,-12,16,95,93,-74,68,82,123,40,-89,124,108,-26,-17,-77,-57,82,48,-7,34,-16,-79,-91,-89,42,-45,72,15,-52,-48,-68,-109,48,48,113,-75,107,117,10,16,-119,-63,22,-113,92,33,12,-15,24,86,23,-93,-28,-88,-64,99,-46,-46,-79,20,-38,45,1,-124,-35,25,52,-92,31,93,69,-30,-18,17,92,43,-109,-48,-60,101,66,123,-72,2,-71,-62,121,108,-79,48,86,-122,-68,-80,45,77,-93,-89,-104,69,119,33,77,-106,52,-42,35,109,59,1,-47,17,16,-81,71,-115,102,11,87,-74,-49,-57,82,-57,54,-33,-36,-92,-40,116,-119,-109,-34,-60,-43,47,96,-88,-120,43,97,64,82,20,-103,33,76,-24,-27,-5,-69,29,78,78,-66,72,9,-117,-108,12,6,4,13,89,-45,-19,116,114,114,124,28,-108,22,-90,60,-7,89,-61,52,-43,33,-123,81,117,18,22,83,-82,86,1,67,-126,67,43,-45,-114,-106,-122,-37,75,32,108,-109,-117,112,-51,-82,-62,-64,120,-86,-95,7,72,115,-105,73,-41,-56,-98,-105,-60,101,2,34,96,-12,72,-53,-25,-7,-70,120,-34,94,50,-51,35,-101,-108,110,-7,-101,-56,44,74,-100,89,-116,-99,-63,65,124,-60,72,-17,-23,-106,-60,38,64,74,-126,-93,20,-23,40,101,86,-6,-114,53,-44,-121,64,-78,-116,76,117,22,-87,-14,36,-115,-69,-113,45,-35,-85,0,-111,-8,-85,-73,121,84,-28,-75,120,35,4,34,-94,-30,112,-113,-119,50,-52,115,-76,-76,119,-63,106,-14,34,31,-87,-95,28,-101,64,-125,119,125,6,-6,124,18,-99,46,22,-78,110,-71,-24,-34,-92,-122,-76,97,-119,-80,23,91,91,-48,91,-50,-78,-109,-28,-108,-108,105,51,125,-24,-16,-117,111,-112,21,14,-69,2,-94,-103,6,-36,106,39,77,61,110,78,-110,-90,94,-24,-60,-44,53,44,-115,102,-13,63,-73,-40,121,-66,38,62,-33,70,127,-47,114,-11,-21,125,-4,-61,100,-78,-7,88,-64,-24,-74,-53,-60,81,-29,57,122,9,-124,-127,-116,51,-122,-87,-19,-12,40,-99,-57,-89,-4,-92,83,54,16,-71,74,-101,41,27,29,-66,32,-1,-106,16,-103,107,80,76,105,36,64,58,-106,55,-9,-62,58,-67,-123,102,-49,-107,-35,75,-61,-41,112,-126,117,1,-6,68,56,10,29,-115,92,-4,67,-53,-123,32,-109,46,64,9,0,58,74,-102,-127,-17,17,-23,-110,-92,-43,75,41,-109,-25,-52,-4,89,-40,81,79,90,62,85,4,-75,-108,-66,94,-90,-72,30,-85,11,-18,56,101,45,-104,-128,63,89,66,36,59,-124,104,-66,-58,-82,17,83,-66,33,-111,86,-38,-71,-123,29,-60,-18,99,96,-96,68,-119,100,-119,124,117,-111,-59,109,29,90,56,-116,126,12,-11,-51,96,60,-75,-124,-27,-14,30,26,34,11,19,-24,114,-40,-88,-25,-35,106,-78,-60,104,-21,-93,73,77,-84,36,-86,118,-97,19,93,9,-102,95,-83,66,-113,25,70,-16,-20,10,-62,55,78,16,-68,122,4,-45,-24,16,-38,8,70,11,-103,-47,-26,-90,-50,-110,53,23,-37,-28,-62,-107,70,49,68,64,106,-92,-52,-44,-63,109,85,-91,78,-4,-95,-41,-51,6,75,-71,-45,115,-30,69,-106,-124,41,117,121,114,-93,-41,-29,-31,-60,-79,-43,-122,-103,76,18,-116,-95,-55,20,108,-71,2,76,60,-10,-8,-125,74,122,58,56,-111,61,52,-34,94,14,3,91,119,43,87,121,-77,-84,94,-111,38,73,115,-30,51,76,90,-99,28,102,38,39,39,63,-17,27,24,-126,-73,92,-123,43,87,84,70,-82,-9,11,-32,-100,-92,72,-100,9,43,-58,-93,-116,4,2,-27,26,-94,67,83,-4,-5,88,38,25,123,69,-66,-124,13,-62,16,13,-61,-125,116,8,95,60,-113,112,102,16,-91,-47,21,-78,-93,4,95,34,-113,72,110,-120,-49,85,-31,100,-60,-43,-80,32,-54,-60,-9,88,-100,10,32,73,84,50,-52,-98,16,-39,-63,-65,-117,-20,49,-10,58,-112,11,14,97,52,-71,-128,-87,-20,42,46,87,-113,-47,-48,27,14,80,79,-11,117,64,58,59,-22,5,-16,82,61,-38,-86,125,35,-82,-18,38,50,-89,43,-58,52,-112,-118,-110,41,-3,10,20,-17,-2,38,82,-113,-17,34,-11,-10,61,-40,102,-58,57,33,-52,-46,30,23,37,-117,18,69,86,9,59,46,-76,52,115,-11,-10,42,-113,-71,-60,46,34,93,-91,-115,105,77,-68,66,-92,72,38,-36,-56,-95,39,19,4,-120,58,59,92,74,-94,-44,-21,113,102,-9,2,-37,117,117,8,-50,-95,17,-40,43,85,-104,56,-79,-67,100,-115,-122,9,-87,-101,-111,-73,71,54,8,-57,-89,-31,-100,-98,-121,115,106,30,-82,-55,57,24,-55,18,105,-23,114,3,-122,4,4,35,-91,-57,-106,-55,-63,-57,-13,-124,106,99,8,-41,-28,118,-98,34,-84,125,44,106,41,126,-66,47,-83,-4,66,34,-81,-128,19,-84,-116,34,53,-75,66,67,103,-68,-106,-62,-56,-25,68,-78,36,-2,10,32,14,78,120,95,-114,-96,-111,17,-29,11,-121,-104,89,62,65,113,104,1,-3,-125,-77,8,82,-70,-124,17,6,-126,38,-109,47,119,-107,-40,-55,32,87,60,-53,-108,69,-74,-79,-81,24,-56,26,-121,57,-128,108,96,0,-45,-39,53,44,20,-74,-80,58,112,-128,-35,-47,-21,104,-24,52,75,-100,99,-29,-107,24,43,-23,71,-40,-15,90,-82,84,51,-89,103,-120,108,-75,-38,-51,48,84,115,28,-116,-125,-45,53,56,-106,103,-32,-39,94,69,-10,-55,3,-92,-34,-70,-53,-43,-38,-121,46,-126,-37,-26,-76,-109,25,-20,35,4,-73,-111,44,105,-22,101,-110,-118,-122,-47,46,94,99,17,-3,-42,43,64,100,-46,13,76,103,6,1,37,30,87,18,37,82,-43,-19,116,-4,-62,22,99,-126,-128,-108,42,112,12,14,43,64,108,-91,50,-52,-3,57,-24,-39,123,-70,9,-94,-106,-85,91,-49,24,28,88,-33,70,-1,-19,7,-56,-34,-72,-125,-64,-36,-110,-70,35,69,34,-78,52,-9,86,-54,-101,-56,-109,-127,-15,-41,-110,72,-62,93,-84,32,-64,-13,5,121,62,79,-111,-59,46,-101,35,40,25,-54,84,2,38,-119,-66,-127,-112,-118,-69,86,41,-100,-108,68,-15,15,-109,-92,48,-11,-40,15,29,-91,76,82,82,95,110,20,-47,12,1,-103,-39,-57,-4,-14,25,6,-57,-41,-47,79,15,73,23,39,-31,9,-91,85,-52,85,17,-105,-20,113,-78,-99,-37,89,10,-59,-44,77,54,31,66,52,-17,-124,-73,-128,-31,-60,12,110,-49,-66,-123,-121,-53,79,113,115,-18,49,110,45,-66,-115,6,67,-64,-9,90,-82,56,-127,98,-44,-110,-98,36,37,53,-65,-106,-83,-26,-70,116,-75,-104,-72,-46,70,104,-104,-77,53,-40,-25,-57,-31,-39,90,98,50,91,67,-24,108,15,-107,-25,79,17,58,-36,70,119,50,-122,110,-65,-121,-84,-24,70,35,65,-47,51,25,-75,-71,105,-100,62,-23,9,-44,124,-119,-75,92,0,-110,-106,36,53,-119,127,-24,-61,-44,102,2,-45,75,105,-109,52,-91,100,75,-104,-62,-41,76,-23,-76,2,-63,49,56,-124,-60,-52,44,44,-71,60,-52,-103,44,12,-111,40,-70,-23,5,-99,-12,21,115,117,24,-39,-37,-9,49,-6,-47,115,76,124,-4,2,-95,-27,13,-40,-54,-125,124,95,94,-127,33,-101,-98,-46,29,36,94,11,11,45,113,22,-65,116,-106,12,41,-63,75,112,-36,-7,-94,2,-60,72,-1,-24,-107,-98,-61,-119,55,18,20,-67,116,20,2,32,-49,11,80,102,105,-19,-14,-104,50,-26,79,21,-112,25,-104,70,117,108,13,-27,-95,37,-92,10,-29,-24,-85,112,12,76,32,67,83,47,-106,-25,16,75,86,21,-117,-6,-118,114,103,73,21,-63,-66,34,124,44,-123,-79,96,-127,6,62,-116,-39,-2,117,28,-116,92,-57,-121,-37,-97,-29,-21,-29,87,120,122,-7,57,110,79,-65,-123,6,99,54,73,106,-21,-104,92,58,-72,-94,-56,20,-82,-22,102,45,-51,88,30,-9,104,-43,-60,118,-6,-103,-95,-121,-117,8,92,-39,64,-8,-22,14,-126,71,-101,-11,-29,-55,101,-11,92,-18,-35,123,24,-2,-22,35,24,7,-117,-24,-14,-45,51,52,-99,74,-26,-124,37,2,100,-77,-66,23,45,34,93,52,127,1,68,60,68,76,93,73,-44,107,-49,-8,-25,-88,-53,-107,49,22,-125,99,-120,82,53,58,-86,-114,-79,-87,41,88,10,5,68,71,106,4,36,-126,78,26,124,43,-127,-43,-112,41,-7,-69,-9,49,-7,-23,11,-116,127,-8,25,-110,-5,71,-16,77,-49,34,52,-65,-84,-10,-64,-28,-86,-93,52,104,89,112,-46,123,-60,-56,-11,-100,112,-111,43,119,127,30,94,74,-94,-117,71,19,61,69,82,-100,0,33,61,68,-128,17,-17,16,48,-20,124,-81,-125,-46,-26,74,-55,30,86,30,-63,18,-1,30,-54,90,98,104,18,-55,-31,105,-124,114,85,-92,6,38,81,-99,-34,64,109,102,27,67,99,-21,-120,-47,95,-126,-116,-62,-2,36,25,76,48,-94,-23,42,-86,3,-117,88,-98,60,-60,-42,-44,85,-100,76,-33,-59,-93,-91,-89,-8,-6,-28,21,126,115,-3,-113,-8,-14,-24,7,-36,-99,123,7,13,-106,114,-114,122,-20,-28,31,-33,-123,-106,94,-83,2,65,18,87,15,77,92,27,97,-86,-120,50,125,-108,-45,112,46,-115,33,-3,-26,117,-60,111,31,34,-5,-50,77,-12,-35,-89,-87,31,-82,35,122,99,31,-55,7,87,81,125,-7,62,-6,-18,-99,65,-101,-116,42,64,36,54,55,-15,92,-51,-20,46,114,78,-15,-114,78,75,29,12,41,-128,-118,13,-18,-41,126,65,-125,87,-15,-42,43,-55,-58,-85,38,-36,86,42,-64,61,73,38,18,8,-25,-56,48,108,3,21,88,11,69,-78,-124,-110,69,-119,-21,34,120,114,-31,-86,-103,-127,33,-66,119,64,118,124,-122,-79,-9,63,68,-22,-54,17,-110,59,123,72,-17,-20,67,-53,115,53,-74,-74,-87,-47,-36,-47,-59,126,99,84,-83,95,34,-82,108,-101,56,-77,-3,-16,-105,7,20,40,54,-54,89,61,114,-37,24,119,-93,10,8,1,-55,-56,97,-93,-73,-72,88,18,-43,-112,13,71,-39,9,46,86,17,-86,12,-93,111,108,6,-3,-45,75,24,88,-38,-62,-12,-50,25,38,-42,14,81,28,95,70,-94,60,-118,-30,-56,2,98,-91,17,-92,-121,-90,49,48,-69,-119,-125,-35,-121,-72,119,-4,17,-34,62,126,-114,-113,-113,-65,-63,-25,-89,-33,-29,-9,119,-1,-118,-97,-18,-4,21,-33,-99,-2,22,-17,-82,126,66,-122,-12,51,-14,-38,45,10,-112,70,-82,-24,86,35,-23,-19,97,36,-19,103,76,27,41,-46,48,43,-16,-84,77,-63,-65,-73,-124,126,2,-111,127,-17,14,106,95,-65,-57,118,127,-101,-32,28,-80,-31,-17,-15,-15,93,20,63,122,68,63,57,-121,-66,-112,66,11,25,-47,40,0,11,24,-35,90,-107,-68,58,-51,-62,10,59,-70,-35,-81,-127,-112,36,69,-77,-1,5,8,-90,42,61,83,-105,41,17,-121,115,-68,6,-9,-12,-124,2,-60,59,55,5,-41,-60,24,101,107,-112,-26,62,0,123,-71,4,83,-118,102,-101,-51,-96,-109,44,107,99,57,-11,78,76,96,-32,-63,67,76,124,-16,12,83,-17,63,-61,-48,-67,7,-56,16,16,87,101,-128,-32,-58,-43,46,113,-85,-90,91,117,15,-119,-50,-46,111,36,114,27,-125,33,120,-23,81,-127,-54,32,-101,121,-97,122,-66,-109,-96,-11,-70,60,-12,16,-10,6,126,-42,74,63,-79,-59,-109,112,-110,33,118,30,-27,-79,-125,33,-64,-105,-81,32,52,48,66,64,-90,81,89,-38,-60,-64,-54,54,-58,118,-114,49,-79,123,-118,-47,-51,67,-116,-81,31,-94,-74,-78,-117,-54,-36,6,70,-106,119,-79,-72,117,29,119,-49,62,-62,-5,119,8,-60,-67,31,-15,-85,-5,127,-60,-9,119,-2,-120,31,-17,-4,25,-33,-97,-3,30,-33,29,-1,-120,119,86,63,66,-125,-106,-83,-68,-99,9,73,0,105,-27,-86,110,-73,26,21,67,-70,-29,1,56,-90,7,-31,92,28,69,96,111,17,-119,-13,93,36,-17,29,-95,-4,-47,3,-52,-4,-10,83,84,95,60,70,-26,-83,51,-78,-30,10,114,-17,-35,-30,56,39,107,-114,97,-97,97,12,22,-103,-94,100,-75,18,-104,86,-126,-47,-63,-28,37,96,-24,-23,21,-58,40,87,94,-108,43,-112,44,112,-90,-110,76,64,-78,-105,68,-35,14,-79,-63,102,-8,15,37,16,-31,-51,101,4,-41,22,17,-39,-34,64,104,115,21,-34,25,26,37,-63,-15,77,-13,56,62,6,87,109,24,118,-126,-45,77,118,73,-53,-17,-91,108,37,-9,-9,81,-67,127,31,115,-97,124,-126,-39,15,62,-64,-32,-7,109,68,102,-25,-103,-84,-122,-107,68,105,-28,38,8,-71,118,-63,-94,42,82,-87,-105,-46,73,-90,8,16,-127,-127,65,-40,25,-87,37,-118,-9,72,55,97,-127,52,72,83,-113,9,16,-3,-16,-12,23,-31,-91,-25,120,-14,-12,29,25,124,44,-20,-120,-41,38,17,31,-103,68,126,110,21,67,-21,123,24,-71,76,32,8,-56,-52,-63,117,76,-14,56,-74,125,-116,-103,-99,-85,88,-40,-71,-127,-67,-61,-121,-72,117,-6,1,-34,-71,-7,18,-49,-17,-2,-128,-49,111,-65,-62,-89,39,-33,-30,-7,-31,-73,-8,-26,-32,21,-66,63,-4,29,-50,102,-17,-95,65,-105,-116,-96,39,-30,71,23,89,-46,110,49,-96,-35,-58,-8,-54,68,37,-61,54,89,-122,103,125,-126,-46,-76,-124,-8,-51,109,100,30,-99,96,-16,-27,35,44,-2,-23,37,38,126,-8,0,35,95,-66,-115,-12,-93,35,50,101,23,89,-126,19,63,-33,-26,103,42,4,-43,-124,110,-78,-84,-43,80,7,68,118,111,-75,76,79,-6,96,-128,-90,26,-121,-99,19,111,-49,100,104,-82,52,-19,100,18,-42,100,31,28,-3,89,-8,57,-47,-119,-99,53,36,14,46,35,121,-78,-121,-20,-7,85,-60,-10,54,-31,95,-104,65,116,-109,-49,-17,109,33,-66,-67,-119,-56,-38,10,-20,-91,18,-49,-57,-10,76,-23,-21,-11,-5,16,-37,-36,64,-30,-14,38,102,-98,-67,-113,-115,47,-65,-64,-38,-117,-25,40,30,30,-63,51,48,-96,-6,-122,108,-55,-76,-77,-112,74,51,23,112,68,26,-99,4,-61,-62,-12,-27,-95,-79,7,41,93,22,-58,99,41,-98,26,-126,44,-69,5,82,70,29,108,-17,2,66,-104,65,65,-127,-62,-31,43,-108,17,27,25,71,102,106,1,-103,-55,121,-108,88,68,-121,55,15,80,-37,62,82,44,-103,-38,59,-61,-36,-34,117,-84,29,-34,-63,-54,-107,91,-40,62,122,-120,-85,-89,-17,-31,-63,-115,79,-15,-63,-19,111,-16,-47,-19,-17,-16,-124,-78,-11,-31,-15,-105,-54,67,94,-99,-4,1,-65,62,-5,29,-74,-58,-49,40,89,108,-23,-122,76,28,61,-12,-118,14,7,35,-80,-79,7,29,30,11,-115,-36,10,-37,84,17,-111,-45,101,68,-81,-82,34,118,125,3,-23,-121,7,100,-56,13,50,-28,125,76,-1,-8,62,6,95,-36,71,-18,-55,41,125,100,-99,-2,114,-124,-56,-43,117,-104,6,-5,-103,-90,-52,106,-76,50,-14,-118,92,-23,104,-44,-67,108,-9,6,5,72,76,77,-66,51,79,45,-50,-25,88,-46,114,-116,-94,76,32,92,-15,113,-78,-94,112,126,-126,-2,107,87,-112,-67,126,-124,-4,-19,51,-92,-104,-34,98,-105,87,-7,28,127,62,63,67,-18,-26,25,-46,87,118,-31,-28,103,-124,101,22,25,4,54,-66,-79,-122,-24,-54,18,114,-121,7,24,127,-12,0,-109,15,31,32,-65,-69,75,-26,-123,-108,119,72,-78,-21,-110,-124,-89,38,-100,-119,75,-38,-71,72,23,-117,-92,-107,125,-57,-49,-62,40,12,16,-33,-48,81,-78,-28,117,121,95,-73,-43,78,-96,-94,112,-48,99,-84,-108,48,105,-18,-114,-124,72,86,9,-15,-31,113,-92,-58,103,-112,-101,89,70,121,121,19,-43,-75,29,-116,-19,30,99,122,-17,42,-106,-82,-100,99,-1,-12,49,-82,-100,-67,-115,-29,-45,119,112,-1,-58,39,-8,-24,-63,-81,-16,-30,-31,111,20,32,79,-49,-66,-64,71,39,95,-29,-43,-115,63,-30,15,55,-2,-126,-25,-37,95,99,105,-104,77,-35,92,-50,64,-97,97,97,73,-78,-46,39,-125,104,119,81,-78,-4,92,33,49,39,-116,85,-2,-95,123,83,8,94,-103,67,-28,108,-119,-96,-84,-94,-17,-18,38,-122,62,-65,-115,-103,31,-33,69,-19,-101,7,-88,124,114,3,-27,-113,111,-112,41,7,-16,110,78,-64,88,74,-94,-53,101,39,-37,-116,-54,-56,37,89,105,28,54,-54,-118,-20,-86,-6,-40,-70,105,-112,-123,28,60,-91,34,-127,40,-64,91,41,33,48,76,102,-52,-51,32,79,32,106,-17,-13,-100,15,111,-94,116,-5,-108,0,28,-95,120,-25,12,-107,7,-25,-88,62,-66,-125,-63,-73,-18,97,-16,-47,93,-28,15,-9,8,104,30,54,122,-119,-100,-49,-55,115,-7,-58,-40,43,-122,6,-31,-82,-78,-73,20,-14,-80,18,36,-15,38,49,106,73,116,98,-50,74,-110,24,-85,5,28,-15,19,-119,-62,-78,93,-45,-61,-72,-21,76,103,16,100,113,-12,87,-28,-85,6,89,5,-110,-60,96,-15,-108,46,3,-33,111,-88,3,-87,115,122,96,102,-12,-75,-110,77,-114,88,10,-127,92,25,125,-93,83,-24,-97,93,66,-111,76,25,-39,-40,87,12,-39,60,-71,-113,-109,-85,79,112,-25,-26,-57,-72,127,-13,19,60,-66,-11,18,-17,-35,-3,-118,-110,-11,57,-34,-71,-6,66,1,-14,-27,-51,-33,-32,-89,123,127,-59,111,-81,-3,9,-41,-26,30,96,-84,-78,-118,6,-9,104,-119,12,97,3,79,4,-47,-27,-107,45,-112,110,-76,24,-76,-24,10,-39,-32,90,-82,-62,-67,62,12,-1,-18,56,-30,55,-56,-108,-21,-53,-56,-66,-67,-117,-127,-49,-82,-47,-40,-17,-96,-8,-116,-119,-30,-39,17,38,-66,127,-116,-95,-105,-73,17,59,91,-124,-87,-112,96,23,113,-93,-125,-78,-43,70,-55,18,80,-76,54,-85,-14,16,29,-53,-95,-103,12,17,-71,114,113,-46,124,76,78,-127,-31,33,68,38,39,-48,-73,52,-121,-127,-5,-41,48,-5,-7,123,76,75,15,20,32,-43,71,55,-7,-8,17,-26,94,62,-61,-12,-57,79,48,-7,-20,109,-44,8,74,114,117,5,126,-102,-68,-109,-20,-78,-15,92,22,22,72,57,-81,-123,-98,100,77,-11,-79,108,-78,-128,-59,-94,-54,43,-124,69,46,-58,-27,0,39,-37,-63,73,23,-17,16,-112,68,-70,-38,101,-101,-1,-11,68,11,80,18,-125,-5,-58,-58,17,25,-82,-87,-12,-27,-31,-49,34,99,2,-102,-56,-104,124,70,43,91,39,14,15,-116,106,-61,49,8,107,48,-118,96,113,0,-23,-119,57,5,-56,32,-51,125,110,-9,26,54,14,-17,-30,-32,-28,77,-36,-65,-11,41,-34,-68,-11,2,-113,110,126,-122,-121,28,-113,-82,126,-118,-9,9,-58,-117,27,-65,-58,-85,-5,127,-62,79,15,-2,-58,-56,-5,61,86,24,-121,103,71,119,-48,-32,-102,-94,118,14,112,53,37,-24,35,94,102,123,51,59,73,87,7,-70,-5,-36,-120,93,91,36,59,104,92,55,22,-111,123,103,-113,-14,-76,-121,-47,111,110,-93,-12,-20,10,-6,-97,108,51,-2,110,50,117,-19,98,-30,-41,15,49,-3,-61,99,100,31,108,-63,-108,-105,13,61,63,-76,-116,-46,29,54,-109,98,-118,-106,9,75,-82,0,-54,-106,-70,78,88,-62,36,37,44,-87,-125,49,78,118,-52,-94,111,97,30,69,-6,-58,-36,103,79,48,-1,-14,41,39,-1,77,-52,-67,120,15,-101,63,-68,-60,-18,79,-33,98,-11,-101,-49,48,-13,-47,19,84,41,91,-15,-103,25,-12,-51,-50,42,80,28,-116,-82,50,-23,10,-24,-2,12,28,-108,65,43,125,-55,-46,-41,-121,-66,41,46,36,50,-81,-113,-17,15,-14,-67,-78,111,38,41,75,35,-37,-4,52,-9,14,-39,-96,-28,-24,-110,-12,-59,-72,107,96,20,-10,51,117,-123,9,72,108,108,2,-15,-47,113,68,-121,71,-31,-89,103,88,34,49,-78,-125,-27,85,12,-97,109,-35,-28,13,-62,-62,-94,104,15,-59,-32,97,12,-18,-93,-63,-25,102,-56,-110,-7,53,-52,111,-99,-31,-32,-8,77,92,-65,-10,62,-50,111,60,-61,93,-78,-28,49,65,121,114,-21,11,124,112,-2,53,62,-66,-2,45,-66,-72,-15,3,-66,-67,-7,91,-4,-6,-4,39,124,124,-8,21,22,-58,-10,48,57,-72,-127,6,-57,120,17,-26,1,-71,12,-22,85,-128,24,-55,-108,86,67,15,-29,107,24,-119,-101,-53,-120,-35,-104,-89,76,45,83,-110,54,81,-5,-22,-100,82,-11,-120,18,117,-123,-35,99,9,-119,-69,115,-120,-33,-102,67,-19,-7,53,76,-65,-30,-13,31,28,-62,92,-23,35,32,-4,-121,-53,-122,-92,-57,-122,78,-89,69,-7,-120,-60,83,-39,51,-21,98,23,17,47,-79,-91,83,-16,13,86,17,-99,-102,84,-109,38,-96,100,54,86,49,-14,-26,13,76,62,125,-128,-59,-49,-97,98,-29,-43,115,-20,-3,-31,27,108,-67,122,73,-77,126,11,-29,111,-33,67,-15,96,7,-87,-59,69,36,-25,-25,17,-92,-44,73,-105,16,121,49,71,99,60,103,90,-99,-41,63,50,-60,115,15,32,-62,-72,-20,-89,55,5,-86,85,-10,12,50,-105,18,37,18,36,96,-88,35,87,-68,-84,122,121,44,-55,74,-74,108,-60,-20,-51,52,122,55,101,43,72,95,9,15,-115,16,24,38,-65,-22,8,-20,-20,35,6,122,-114,-119,9,-52,34,-123,-111,-111,-40,-63,36,-26,102,18,-117,50,2,-89,-57,103,-111,-99,-104,71,117,97,19,107,59,-25,-40,-35,-69,-121,-29,-93,-73,112,-21,-38,51,-36,-66,-6,12,119,-50,-98,-31,-51,-77,79,-16,-12,-8,37,-98,-18,61,-57,-69,-69,-97,-31,-3,-3,23,56,95,121,-116,-111,-127,37,68,3,57,52,120,22,-7,-113,-102,42,-45,71,-62,-24,-119,-5,-48,-27,-74,-95,-107,45,93,27,-80,35,-76,63,-114,-20,-93,13,100,31,-81,19,-116,-21,-104,-2,-51,3,78,-4,61,84,62,61,32,59,86,-112,-72,51,13,-49,102,-111,9,108,22,3,-97,28,-95,-16,-18,30,-84,35,105,-24,-6,2,-24,14,-70,-96,13,18,20,-73,85,-55,-106,-76,-28,-10,30,70,96,-126,82,-105,-110,112,61,89,81,-9,-61,-116,-78,-111,113,97,-54,52,114,71,91,24,122,112,13,75,95,62,-59,-2,31,-65,-62,-2,79,95,97,-6,-3,-121,24,-68,121,-118,-36,-50,38,-6,-41,-41,-112,-37,-40,64,106,105,9,-111,-79,81,120,88,22,5,20,27,25,97,-27,16,19,15,-115,-113,32,80,99,-53,-25,-7,-11,-20,58,-58,80,80,109,-15,-73,-55,101,98,-71,-64,36,105,-117,114,-91,6,-1,-98,78,-67,81,-79,-92,-53,100,33,-101,-21,70,-82,-89,-79,-37,-40,69,124,-3,5,-124,74,85,-58,-37,113,4,74,-20,65,114,71,10,-115,93,-122,75,110,120,-112,78,-62,88,28,100,81,-116,15,-114,34,85,-101,70,122,116,6,53,22,-59,-87,-7,61,76,45,-19,99,122,-27,10,86,55,-82,97,119,-13,54,-50,118,30,-29,-63,-47,51,-36,95,123,15,119,-41,-24,49,27,79,-80,50,-63,5,-98,-84,-62,-25,-19,67,67,112,107,18,-74,90,14,90,-65,-36,-110,105,80,-101,127,-86,-56,-71,-52,-16,-84,-108,41,85,-101,-116,-73,103,88,-3,-53,19,108,-3,-73,15,-79,-10,-41,39,52,-13,19,-108,62,-26,-28,-68,-67,8,-33,14,35,-31,-15,8,-127,91,69,-22,-50,18,-116,-123,40,52,30,59,58,-23,33,93,110,70,105,99,-3,124,-22,-18,17,25,58,-39,87,50,-87,-44,101,-23,75,40,-23,18,115,-105,-107,28,95,98,-21,-67,-78,-127,-15,119,111,97,-19,87,31,98,-27,-117,-89,24,62,-89,-71,51,-50,102,-106,-105,-47,-65,-74,-122,-30,-10,22,10,-105,47,35,-69,-78,-118,-24,-8,4,125,104,64,37,53,49,120,43,35,-75,92,67,113,21,-13,42,-63,-103,-93,-14,-11,0,103,-3,58,10,-69,80,-101,-36,-98,42,55,111,-13,88,7,70,-82,-2,-43,-63,17,80,126,102,-115,28,-115,100,-127,63,67,-17,73,-25,17,-56,114,-47,85,107,4,101,12,-66,92,-111,41,-117,-65,-117,18,102,35,67,92,-14,45,46,-23,37,114,-13,118,-122,-87,-76,48,-120,88,121,4,-119,82,13,73,-74,-11,-12,-32,36,-78,28,-87,-54,24,-6,42,-93,24,30,95,-61,-52,-12,46,-106,102,14,-79,54,127,-118,-23,-119,109,-28,-118,19,10,-112,-128,47,-123,6,83,69,-18,-40,-112,93,87,-97,42,112,34,45,-83,61,52,117,-81,21,-2,-53,3,-116,-74,-5,88,-2,-45,-101,-40,-1,95,63,-59,-75,-1,-29,27,28,-1,111,-49,49,-1,-121,91,4,100,29,-66,-35,60,-36,107,25,22,-57,50,-126,123,3,44,-110,-108,62,-65,19,26,-105,108,34,74,-54,-110,115,-3,115,18,100,8,40,29,4,93,54,23,13,92,-71,-74,116,82,49,69,-46,86,108,113,10,-123,-109,-53,24,125,-121,-78,-11,-34,109,12,-100,93,65,97,103,75,1,-110,-33,100,27,102,-7,-85,-20,-17,41,80,-78,-53,-14,21,-77,9,4,-56,48,15,35,-80,-125,-26,46,-46,101,100,-55,52,-47,-44,-83,9,1,39,-96,54,42,-91,83,-120,52,-55,-33,33,70,-82,-114,-22,82,-84,-12,18,-29,47,6,-33,37,-96,-48,83,-70,-55,-110,96,-65,124,-1,111,-112,-119,42,8,51,-117,-91,-109,32,36,-24,39,-31,-54,16,61,-93,-65,30,-127,-7,-68,-117,17,88,0,17,-55,114,-122,-5,96,15,68,-31,-12,-59,-32,-117,-112,57,49,-7,46,33,-25,39,93,-124,39,-63,-88,31,74,32,-100,46,97,-96,-74,-124,-87,-39,29,44,-50,31,98,-92,-58,74,33,95,26,77,-78,112,122,19,104,104,-73,-24,-107,-7,118,-80,-95,11,16,-78,13,-33,-44,-47,-50,-106,-35,13,-5,116,-118,6,-66,-127,-75,-65,60,-58,-7,-1,-8,14,-9,-1,-81,-33,-32,-31,-1,-3,27,108,-2,-3,45,-28,-34,90,-128,123,46,-123,-28,93,82,121,-113,-123,105,-115,-65,112,-118,109,55,36,-33,1,100,-125,-74,49,-107,-80,104,-74,-11,-42,-73,-10,91,52,-102,58,32,4,92,12,94,-21,-108,-26,-18,87,-96,56,89,20,101,69,-121,24,93,83,-101,-117,-24,103,57,44,29,-19,-96,124,101,15,85,-10,-118,-127,3,-74,-16,43,87,48,124,122,-126,-31,-109,99,5,76,-1,-22,42,-30,83,83,8,13,-113,-64,-51,20,101,127,-51,16,115,84,-82,-8,69,-21,-113,35,-78,-99,30,-96,47,120,-24,17,-10,-70,87,-68,-66,108,43,-78,37,64,-119,47,-56,-106,-120,72,-108,36,-82,46,14,3,-93,109,98,-96,6,7,39,80,-82,-63,-21,-39,-24,45,-108,40,103,50,-115,0,13,-34,-101,45,32,87,27,87,62,-30,-95,127,4,8,72,-116,114,-27,-111,59,-30,-19,114,-17,-82,15,6,-69,27,70,-102,-65,-59,75,-48,98,-14,13,-36,36,76,76,102,-18,72,18,-93,-75,53,-84,47,95,-59,-42,-54,13,-116,13,-81,33,-99,-81,33,20,-51,-95,71,111,101,15,25,-120,-62,84,-114,-46,63,24,85,29,6,52,-21,-70,-48,-40,-43,-114,-58,-50,118,-76,89,122,97,-86,6,81,126,-78,-122,59,-1,-25,119,120,-12,-1,-4,6,111,-3,-65,63,-30,-12,127,-1,20,-27,103,-85,-80,-114,71,-111,125,115,-110,-59,113,-120,12,41,-63,53,-61,88,25,13,66,23,-12,113,69,-59,-96,113,-78,3,56,-83,104,-23,-42,-2,2,72,-69,108,50,-110,-119,-35,110,71,29,16,26,-68,108,-97,-40,51,41,-78,-92,-116,-16,24,-91,97,-106,-71,-98,-51,124,-32,-54,62,-122,8,64,-19,-22,25,-58,-82,95,-29,-72,-114,-47,-85,87,49,124,68,-65,34,99,36,105,69,70,71,-31,125,-51,16,-111,45,1,70,-7,73,-116,-128,-124,-61,48,-8,3,106,-13,-46,-28,-9,-85,116,-91,-75,90,-21,9,75,26,59,61,67,74,-96,-109,62,32,-46,99,100,51,-17,102,-84,-19,97,-30,-78,-78,107,56,-62,9,-107,-86,-28,-38,-69,52,122,87,42,77,-113,24,-89,108,21,20,56,-62,26,1,67,98,111,-68,58,74,86,-107,97,-106,75,-65,114,-13,117,-73,-114,76,-77,65,79,96,36,-119,-39,-56,-100,30,-117,93,-127,52,56,-80,-128,-107,-71,99,76,-114,93,-58,-16,-48,50,18,114,75,-112,39,-126,-114,-82,30,52,-124,-9,-103,68,54,-86,112,45,-26,-95,-53,-79,-83,-69,-115,104,-22,-18,-60,-91,-114,54,21,127,91,116,90,104,-40,-38,55,-1,-14,-120,44,-7,28,55,-1,-57,11,108,-3,-9,-57,72,-111,25,-70,-116,11,-31,-93,18,34,71,85,-124,118,-87,-27,83,25,-104,51,17,-104,-6,8,114,50,10,125,40,-128,-34,32,19,-105,-117,105,-117,-66,33,82,37,119,-108,116,89,45,106,-125,-15,-25,-67,45,-47,122,43,-3,-60,83,46,34,52,-54,-56,57,53,81,7,-124,-20,16,48,-58,-49,111,98,-6,-18,109,76,-35,-66,-123,-79,27,-41,81,35,83,-86,100,73,126,125,29,41,-58,-27,48,63,-29,33,75,-36,44,-117,-82,-2,28,-93,112,70,-91,42,83,72,110,-122,-13,-47,71,28,-86,123,8,75,-44,-11,122,-73,91,-79,67,-74,73,-60,-64,-51,33,2,-25,-11,-85,-106,-82,119,-71,-95,-77,-71,-48,35,-73,8,17,12,21,-119,-7,89,51,95,-109,-37,-119,-94,-125,-61,-54,71,68,-74,100,-8,105,-24,-79,-63,26,18,67,-29,8,-78,36,-102,-28,110,120,-67,9,-83,93,90,116,-10,-22,-95,49,90,96,-90,31,9,16,93,58,35,12,102,39,-110,-87,65,-44,70,86,48,-62,-111,-81,-80,120,-57,115,-48,91,-104,-16,12,118,2,114,-123,-128,108,85,-31,-100,-21,-121,46,-21,69,-85,73,-117,70,77,59,90,-70,58,-43,5,-85,22,-54,-104,-60,-32,-4,-61,89,-20,-4,47,111,-46,-36,111,-77,119,28,-96,-17,-42,16,12,121,-82,-82,-103,4,98,39,-125,-120,-97,-116,-64,-69,64,-23,-88,-56,-11,-17,36,-20,5,-74,-24,84,2,-34,114,63,39,61,68,-42,-8,-39,-100,95,-33,-48,-32,-112,-117,83,46,-43,73,-116,76,91,102,-106,56,107,50,-63,-94,-57,127,-96,-60,85,118,-109,126,70,-32,-63,-109,67,-116,-35,-68,78,32,-50,49,117,-121,-128,-36,-71,-123,-119,-101,55,20,75,106,103,103,24,62,62,-62,-64,-34,62,13,126,25,-111,90,13,1,26,-68,-65,92,-127,-105,-51,-35,-103,-55,-78,59,68,85,-116,-19,-74,-53,61,88,54,-12,-70,92,-20,26,126,53,-44,-99,44,92,-7,90,2,99,96,89,20,70,-55,-10,-120,68,89,59,-3,65,58,-121,94,110,83,50,-101,21,-112,38,-122,5,-119,-62,34,89,2,-124,59,-107,85,12,-15,-55,-9,75,-122,-57,-108,-23,123,-39,71,12,-82,-6,-60,-73,105,-70,-47,-47,-61,68,105,-76,-62,-28,-14,65,111,-29,-7,8,70,44,92,64,-79,127,28,-43,-95,69,-108,-122,-26,-48,-105,31,-122,75,-35,86,26,-127,-51,21,66,-125,111,-77,-62,52,85,-128,-91,22,71,87,-48,-126,75,-19,-83,-72,40,-41,-62,9,-122,92,99,-105,29,-32,86,93,15,108,67,97,84,-98,45,98,-32,-45,69,20,-33,-97,65,-28,-124,127,-40,114,6,-18,-7,52,-67,36,-117,-48,22,39,99,-119,-78,53,-44,95,7,-92,-104,-122,61,-57,78,48,-59,9,26,43,-63,-106,-91,-122,70,-71,18,-55,26,119,37,13,107,-119,-103,62,18,36,32,33,22,69,82,58,41,87,-14,-88,-75,44,119,-127,-95,42,-46,43,75,-88,30,95,-63,56,1,-103,-68,117,-109,-29,28,-109,119,-50,21,32,117,-7,-30,-72,70,96,78,79,9,-54,30,-46,11,11,-54,-28,69,-62,66,67,-14,77,-89,-78,2,69,124,-92,-105,19,43,-128,-24,-72,-6,-115,-62,74,78,-82,48,71,-68,69,-11,-114,48,39,-125,-128,72,114,-78,-53,-74,59,-67,-95,-105,-34,33,59,-65,-62,18,-7,-100,-39,31,82,-78,-26,33,75,-92,123,72,36,-74,8,107,8,76,-124,70,31,-94,108,-119,-63,-101,89,24,123,-52,-14,125,15,-117,58,-118,31,-55,61,89,86,71,0,-55,88,5,-61,-123,121,76,12,109,32,95,-94,-44,103,42,-56,-28,7,49,-60,-104,-20,13,37,-31,13,36,-47,-48,-109,36,45,-3,38,116,122,-115,104,-42,-53,-73,-100,94,-33,-69,43,-128,-56,85,-60,110,77,125,11,-60,-88,-29,68,-121,-31,-37,-56,-62,53,-101,-124,-117,-119,74,-122,-83,74,116,75,73,56,-121,-46,112,-80,96,-38,-6,-87,-33,89,78,110,-98,-109,91,-27,123,7,40,33,-71,44,-84,76,83,106,123,35,-55,127,56,-33,-29,30,-53,-61,-102,75,40,-112,20,67,-6,-30,42,113,-55,14,-80,-73,92,66,98,97,22,-27,-125,61,-116,92,59,-27,-28,95,-91,84,93,-61,-60,-7,13,-52,-35,-67,-61,-29,77,5,-52,-124,-110,-81,83,84,15,14,80,-108,40,-52,-28,-107,-100,-101,71,98,106,26,-47,81,50,-65,82,81,123,84,50,-31,18,127,117,100,-123,108,70,-38,-103,-58,100,-59,-21,9,-122,12,-71,46,34,-98,-32,74,49,-87,-79,96,-22,-23,57,-35,114,31,-80,92,93,-108,47,-105,74,-46,-30,-28,-117,-41,120,50,57,-6,70,-95,30,6,-62,-79,122,15,-111,-81,-51,-111,89,78,2,101,-15,-123,-44,-10,-118,-122,114,-43,-55,20,103,113,7,-111,76,87,81,-22,-97,-64,68,117,21,27,-45,39,-40,94,-68,-114,113,-102,-71,-105,73,-52,78,102,-8,8,68,36,-60,-8,111,-113,-96,-95,-87,-69,-115,126,-47,-62,-47,-116,-117,109,-115,-72,-44,-42,68,102,-76,-87,-60,37,64,-76,-66,-66,-64,-44,69,115,-18,13,123,96,-83,112,66,-117,9,88,50,49,88,11,9,88,51,108,-55,-12,12,75,-118,43,38,-99,80,19,46,-113,21,59,-90,75,10,16,123,63,-1,33,-20,27,-46,59,100,-81,-55,-106,77,41,73,-13,-116,-25,97,78,69,-96,-13,113,98,2,117,-7,18,-128,-100,4,48,62,55,-123,34,35,-17,-32,49,-93,-31,-39,-119,26,2,-118,98,11,1,17,-26,76,-109,53,-93,-12,24,49,-7,-54,-50,14,-118,52,122,-15,-107,126,74,88,-118,77,62,-58,-78,25,28,-84,-77,69,-91,48,-78,-64,-55,-93,-97,126,-29,-105,32,64,-109,22,0,-28,90,-120,91,110,118,-96,100,9,83,-116,-108,48,-15,22,97,-120,0,97,-113,81,-58,-30,125,4,-116,69,-106,69,49,55,-59,21,77,-87,-14,36,-71,-32,40,91,14,-126,-45,75,-49,49,-78,-59,11,32,18,-101,-101,59,58,9,-120,30,30,127,2,-59,-30,20,102,70,-73,-80,62,113,-124,-109,-11,-5,-40,95,-71,-123,108,122,24,14,-126,-31,-12,70,17,-117,-77,124,122,-45,-24,-22,-42,-93,-31,98,83,35,4,-108,-6,-35,37,77,104,-42,-56,-41,-112,53,-44,78,-119,-63,-35,106,11,-67,-99,-123,81,-53,110,-95,11,-5,9,68,92,49,-96,14,0,-109,76,34,-86,36,-57,85,-56,-86,-55,-106,-41,68,-98,-36,-108,46,-1,12,1,-87,-12,43,-122,-40,-59,104,-103,-92,-124,5,2,-120,-107,-2,34,-97,21,48,-28,78,-109,30,-105,-36,28,-25,81,59,-62,-62,24,-15,-110,-52,-22,18,-109,-42,30,-29,-18,17,-45,-106,-60,-34,35,76,-35,18,48,-82,97,-4,70,93,-74,-58,-103,-68,102,-50,-49,49,-62,52,38,76,41,73,113,-36,-36,-88,-125,50,55,-121,-28,-12,12,-30,-109,-109,-120,-116,-56,-122,97,5,65,-6,76,-100,-20,-119,48,46,-5,-118,37,-40,-5,-28,10,32,19,30,3,-127,47,47,23,-94,-72,-38,19,108,-4,-12,25,97,-121,-11,-11,-42,-69,-14,-113,82,5,-111,-22,48,-6,70,39,16,31,26,69,64,-66,126,77,-122,-56,-98,86,15,1,20,19,23,102,9,32,26,-71,-77,-47,100,71,-124,-109,61,88,93,-64,-14,-60,1,-114,87,-18,-31,124,-5,109,44,79,93,-127,47,-56,57,-80,-5,9,72,4,110,122,-120,-35,25,66,-121,-74,-105,-128,52,55,-95,-59,-44,-63,-104,-37,-86,110,3,106,-47,116,-87,-18,-48,-82,-105,-66,64,-38,-79,-93,104,-35,118,-12,6,60,48,-58,-87,-9,25,-103,-12,-92,98,-125,57,25,-125,41,17,33,56,-78,-45,74,-96,-46,-11,-43,-17,-96,92,121,70,115,-16,78,48,30,22,9,70,46,67,64,-28,-94,-108,0,-62,-111,-111,-117,82,113,-27,31,-67,62,-113,50,121,-83,93,-18,-79,-27,-86,-12,72,-6,-14,41,121,11,-42,-122,104,-18,43,76,91,123,-20,34,-69,-65,-128,83,-69,122,74,102,-100,42,80,126,25,4,-89,118,70,-7,-110,-30,72,-7,42,-78,76,22,54,56,-42,-87,-41,107,100,-51,-46,50,50,115,11,-56,-52,47,34,77,89,19,64,60,-71,-68,-110,52,39,-103,34,9,-54,-59,-57,30,-90,52,-113,92,107,-17,-49,43,86,-120,-68,-39,98,-11,70,-34,55,54,-119,-62,-62,10,114,115,75,-24,-97,89,68,-108,-32,-40,-28,-85,13,114,-9,35,-127,104,-109,-101,0,9,74,-81,124,-107,-51,-20,-128,-109,81,54,-105,27,-59,-12,-24,101,92,-98,63,-61,-62,-56,14,42,-27,25,-12,37,42,112,123,98,48,-101,-23,47,28,30,-6,-121,-51,29,66,-113,-50,-126,6,-27,23,29,-83,104,34,51,-44,-51,0,114,41,-105,-52,80,50,101,99,-28,-13,112,-110,2,110,24,18,2,70,93,-106,100,117,43,105,-54,-58,97,-118,71,126,-111,44,121,94,38,-37,65,67,119,-119,127,8,59,10,-1,4,67,93,41,-52,10,32,41,5,-120,-119,-128,8,35,122,-36,78,5,-56,-49,-96,-24,124,-78,77,31,81,-97,11,-113,-41,-112,93,95,102,91,95,71,-31,-14,6,-54,123,-37,4,103,15,-125,71,7,100,-56,-103,-14,-111,-87,-37,34,99,76,95,4,100,-8,-16,80,-103,124,-107,-23,107,-120,101,114,-120,-84,25,-40,-39,69,-23,-14,22,37,77,-64,89,-85,3,50,34,-87,-84,-118,64,-123,97,-124,-110,-26,-51,23,-32,-54,-56,-99,37,-103,95,-114,2,-116,-105,-64,8,59,-4,-7,18,74,43,-21,-88,-19,-111,-87,-37,92,32,-21,91,-118,41,-18,-66,-116,74,86,-46,49,-70,-92,-27,-21,45,48,-103,93,48,91,60,-120,-58,-14,40,-28,-58,49,92,89,-64,80,113,14,94,-78,-62,23,-49,42,-87,-78,58,-104,-12,104,-6,70,-93,19,-31,48,-101,-65,43,8,-83,-50,-116,-122,110,34,122,73,-66,102,44,-93,-91,-107,-83,-102,-55,-86,87,-85,-10,-76,-76,110,-106,-92,0,-27,-60,-25,-126,49,25,-122,-91,-97,90,90,-26,-60,-106,-5,40,55,4,34,25,81,94,98,-94,-12,88,-77,4,67,-28,-118,-128,-44,13,-99,43,-81,66,118,-12,-65,-106,41,1,-124,94,34,91,-28,-14,-100,-128,39,96,-22,-125,-1,2,-120,-125,-128,-72,28,42,30,27,99,97,22,-67,-6,-59,-84,-16,-24,8,-110,52,-7,-12,50,91,-4,-38,50,-118,91,27,-88,-20,-19,40,-90,76,-120,-105,-88,56,44,-91,-15,76,-127,50,74,-93,31,-109,50,-55,120,60,-54,-50,50,-56,-90,95,-34,-38,38,91,8,42,-39,-110,93,90,66,106,102,22,125,-108,-77,-66,-55,41,-60,40,97,114,9,87,-82,127,8,67,-22,-52,-24,83,119,44,-54,-47,75,-33,72,77,76,99,-120,64,76,-97,49,-11,29,-13,-36,-5,-57,-56,-51,46,42,67,-105,-98,97,117,7,-32,-112,27,-31,8,-122,-59,-26,-123,-99,17,54,22,43,32,17,47,35,-43,87,-123,-49,-33,7,103,48,-90,-10,-58,28,44,-119,2,-120,-59,-63,56,108,114,-86,-57,78,-71,-85,-47,-28,-96,100,53,54,-31,-110,124,-105,79,6,65,105,106,107,87,-55,74,-35,97,104,53,67,99,-73,48,38,-6,96,-120,51,105,-92,-93,-54,-124,-99,-93,-44,-40,56,-45,81,-102,-122,-104,79,-86,9,118,20,51,-12,10,73,89,41,101,-24,-50,-118,0,-110,81,50,38,29,67,-103,-7,107,96,-124,53,54,74,-97,-71,79,0,-111,126,-30,81,64,-4,12,-122,33,42,23,-104,-62,10,52,7,89,-94,-82,-99,48,10,75,97,76,45,-50,35,-65,-71,-114,-54,-2,46,13,-1,0,35,-89,-57,-118,29,-109,100,-54,56,-45,-104,72,-41,56,31,79,74,10,-93,-65,44,-34,-66,-125,-38,49,65,-39,19,80,-74,20,48,-59,-115,13,20,9,-116,48,37,-61,-111,-91,-116,37,105,-44,-95,-127,65,-59,8,7,61,68,-68,69,-38,-71,-115,81,56,-56,-18,-111,30,-97,-58,-16,-50,62,38,14,79,48,125,124,13,83,71,87,81,89,-39,80,-59,-48,-18,-113,112,-11,115,-15,-8,98,44,119,-116,-68,100,-119,76,-74,24,122,52,-102,87,-37,41,6,-85,11,14,95,4,-2,84,14,126,-39,-29,-94,100,121,-99,49,56,109,12,1,61,70,5,-88,108,-71,52,-56,-67,-68,-22,-114,119,5,74,29,-112,118,99,47,-127,-80,-42,37,-124,102,-85,-13,-53,-115,107,33,-126,17,85,-98,33,-113,-91,-20,-119,-87,-37,9,-126,-85,-110,-121,-73,86,-122,111,-108,-38,88,101,99,-26,-49,110,-90,43,-49,-88,92,74,101,0,96,-92,-75,-12,-59,-108,-7,-53,36,59,-53,105,-59,38,49,117,125,-88,94,24,-59,-44,-27,94,45,-111,43,1,67,94,19,89,19,-119,115,21,40,29,3,114,-87,-73,-118,-48,24,77,117,118,-102,18,-74,-122,-110,-110,-81,93,122,-57,-79,-118,-58,-29,-41,4,-112,-85,10,-116,41,-126,52,117,83,-128,-70,-127,-15,51,50,-27,-28,4,-61,87,14,49,-72,-69,-113,-54,-27,109,-59,20,1,68,-104,-110,-110,11,94,19,-109,-120,-41,-22,76,-119,14,12,33,82,26,64,48,43,-69,-67,57,2,82,-94,103,44,96,112,107,7,-43,-51,109,-126,113,-122,-39,-45,-21,40,47,-81,-87,-108,101,101,-78,114,112,-11,91,92,126,-102,-71,1,26,-90,37,-93,-59,69,70,-60,21,8,-46,-36,-75,6,-117,106,-29,62,-39,108,76,-12,-85,-25,-59,103,122,77,54,116,118,-11,-86,6,-17,116,-123,-47,112,73,-18,-25,-67,84,103,-119,-36,-3,-34,-82,-45,41,48,122,-61,78,70,-48,-128,90,-63,50,65,98,-36,34,75,22,49,114,-71,-107,39,46,-33,104,-27,-28,-106,-6,17,24,27,68,108,126,18,-119,-27,105,68,-26,70,-31,31,29,32,40,5,120,-121,10,42,-62,10,67,4,20,-121,-56,89,-82,15,-114,82,74,125,86,-50,101,-120,-44,111,35,85,-33,7,-15,123,96,-32,-17,19,-1,80,-52,-110,-13,51,-67,-7,6,-53,106,-29,-47,83,41,50,125,85,-108,-81,100,86,89,80,119,104,-38,-37,-101,10,-108,17,1,69,-74,89,8,-56,-76,52,123,70,-30,-39,-37,-73,20,32,99,108,-11,35,-116,-58,35,-12,-108,17,-126,82,-35,-35,67,121,115,11,57,26,125,118,-127,38,63,-61,-58,60,54,-95,64,-23,-97,33,3,-89,-26,80,-102,94,64,86,-82,2,-114,78,-93,48,62,-125,-30,-30,10,42,-21,-105,81,90,94,39,67,-82,98,-10,-22,13,100,-89,102,-31,-112,123,-126,-67,-108,-97,64,72,-107,64,-119,-70,109,-99,26,101,-18,90,19,-43,69,-2,127,47,-125,25,-19,-102,30,5,-116,-128,-26,-117,103,-32,-113,-89,-39,-34,41,-43,-14,93,-109,-50,110,-40,-56,14,-117,-45,-113,6,-7,-90,-85,-128,-46,-38,43,70,94,-65,77,70,-82,-22,105,-99,76,10,33,15,92,-108,36,1,-62,-63,-76,20,90,46,51,-50,82,99,-13,117,105,114,-107,40,37,-93,-125,72,44,77,35,-77,-75,-124,-52,-26,18,-30,-117,83,8,-114,15,-62,83,45,-63,59,40,108,41,40,115,22,63,-112,-31,100,75,23,105,-109,80,96,43,-44,-37,-70,94,110,-128,-112,100,69,22,73,42,11,-116,85,-31,25,-108,-81,40,-109,125,101,-82,-48,-15,97,68,39,70,21,67,-44,-42,10,31,-89,-106,-26,-112,89,102,106,90,33,48,91,-101,24,58,-36,39,32,-89,10,-116,-7,7,-9,48,35,91,45,55,111,18,-116,83,-116,-48,-24,-85,52,-6,-127,-19,109,-126,-79,-117,-95,125,26,-67,120,-54,-54,42,65,89,65,118,-82,14,74,118,122,14,85,-54,-48,-52,-10,21,44,108,31,97,117,-25,12,43,91,39,88,-38,62,-58,-12,14,-45,-35,38,-39,-72,-75,-121,-71,51,50,-113,44,73,12,-113,-63,21,79,-86,22,111,-112,59,85,-28,-85,114,122,35,-38,-27,94,98,-7,82,-112,-36,7,-90,-45,-85,24,-84,34,-79,-20,-117,17,28,-39,-122,-9,-56,-35,-10,-108,41,105,-13,109,-99,90,-78,-57,-95,70,-125,-36,-113,37,62,-47,-27,52,51,-30,26,-47,-55,-2,-47,101,54,-87,-21,-33,-54,-52,-23,29,-30,9,50,-79,-79,-83,97,-92,-49,-58,-31,29,-87,-64,55,84,70,-96,54,-120,-24,-52,56,-110,43,-4,-57,-20,46,33,-67,-79,-128,-60,42,77,114,-103,-123,108,-118,-23,101,-78,-92,86,-75,-56,-115,-29,-75,-103,-5,6,-87,-47,-54,-44,-29,42,28,24,-93,65,37,91,34,97,14,2,29,-100,28,66,116,-98,61,97,102,12,-119,-59,105,-12,45,-51,-86,-13,-57,-8,123,34,-109,-93,8,83,-78,-28,40,87,23,-77,-53,75,76,94,-21,40,-17,-78,64,50,18,75,20,-98,-95,-63,-49,-34,-67,-51,-12,117,-115,-122,126,76,102,28,82,-86,36,109,-19,-93,-54,-14,56,72,118,12,19,-112,-38,-63,21,-108,-41,-55,-80,-43,53,20,87,-23,73,124,60,-75,79,16,-82,-99,99,-9,-42,67,-20,-34,-72,-113,-125,-85,-9,-80,119,124,7,-37,7,-25,88,63,58,-57,-100,-36,-30,115,112,-86,24,50,-70,115,-96,0,113,-78,20,-2,-68,75,44,41,75,-10,-79,52,-100,120,1,-63,-23,11,-88,61,45,121,78,-53,-25,122,-7,30,97,-124,-47,-26,86,44,-15,69,-109,-22,-79,124,87,-60,-31,13,-85,-18,-46,32,102,45,29,-93,-37,75,-6,-72,109,-48,56,8,-112,-51,2,3,-75,-68,-57,43,-128,-124,8,8,-117,81,-103,-59,105,-76,-116,-32,-52,-96,98,69,120,-86,-90,100,42,-66,48,-115,-44,-42,28,-6,79,104,-116,-21,44,98,-101,51,72,-84,76,33,58,59,70,-122,-108,20,-117,60,3,69,-72,-118,57,-54,15,-93,100,37,-89,38,94,0,-79,48,36,88,50,81,101,-18,54,-78,-48,71,31,-118,47,-118,-12,77,33,-75,78,-23,-40,-37,64,118,-117,43,120,115,25,-23,-75,5,36,23,103,85,-125,79,-52,78,34,-53,-46,40,64,12,49,-2,14,29,93,81,62,50,121,-50,8,44,59,-61,-73,-72,-126,-103,-70,38,100,-81,-21,-104,43,-101,114,85,59,62,86,76,17,31,-87,29,-118,124,29,98,104,-17,0,-61,-12,-108,-63,-19,93,-52,50,57,45,19,-116,-83,91,-9,-79,119,-9,49,14,56,78,-50,31,-29,-24,-38,67,28,-100,-35,-57,-10,-23,93,76,109,29,96,98,-113,-97,-91,-71,87,-41,46,35,67,41,-109,-83,117,-99,124,85,-114,96,104,-56,14,13,-103,33,-41,-18,69,-82,-38,-75,61,104,-107,-37,88,-69,-76,-118,57,26,97,12,37,77,64,17,-23,114,4,98,48,-38,-35,42,-18,-118,-65,8,48,-1,31,53,82,-33,-79,86,-115,-90,-76,0,0,0,0,73,69,78,68,-82,66,96,-126]', 1);
INSERT INTO `messages` (`message_id`, `sender_id`, `conversation_id`, `creation_date`, `text`, `is_image`) VALUES
(32, 1, 2, '2023-05-05 18:58:41', '', 0),
(33, 1, 1, '2023-05-23 10:39:48', 'hello', 0),
(34, 1, 3, '2023-05-23 11:14:41', 'Hi', 0),
(35, 1, 3, '2023-05-23 11:14:59', 'Hi', 0),
(36, 1, 3, '2023-05-23 11:16:25', 'Hello', 0),
(37, 1, 3, '2023-05-23 11:17:07', 'Stop', 0),
(38, 1, 3, '2023-05-23 11:17:50', 'test', 0),
(39, 1, 3, '2023-05-23 11:22:20', 'test2', 0),
(40, 1, 3, '2023-05-23 11:24:52', 'fghhh', 0),
(41, 1, 1, '2023-05-23 18:19:49', 'Hi', 0),
(42, 1, 1, '2023-05-23 21:14:06', 'Hi', 0);

-- --------------------------------------------------------

--
-- Struktura tabeli dla tabeli `users`
--

CREATE TABLE `users` (
  `user_id` int(20) NOT NULL,
  `username` text NOT NULL,
  `email` text NOT NULL,
  `password` text NOT NULL,
  `profile_picture_id` int(11) NOT NULL DEFAULT 0
) ENGINE=InnoDB DEFAULT CHARSET=utf8mb4;

--
-- Zrzut danych tabeli `users`
--

INSERT INTO `users` (`user_id`, `username`, `email`, `password`, `profile_picture_id`) VALUES
(1, 'mikic', 'mikolaj.chomanski@gmail.com', 'xdUPSoTdTTEdFtzuJpDd', 0),
(2, 'user2', 'user@gmail.pl', 'pass123', 0),
(3, 'test_user', 'test_user@test.com', 'OUMDZTfwtlZJCrt', 0),
(6, 'someone', '1234rrr@gmail.com', 'fjjjfpass', 0),
(7, 'user3', 'some_email@ggg.com', 'something', 0),
(8, 'sweaty_streamer_ttv', 'ttt@123.com', '123ggg', 0),
(13, 'some_name', 'some_name@email.com', 'sdssfvscx', 0);

-- --------------------------------------------------------

--
-- Struktura tabeli dla tabeli `user_conversation_relation`
--

CREATE TABLE `user_conversation_relation` (
  `user_id` int(11) NOT NULL,
  `conversation_id` int(11) NOT NULL
) ENGINE=InnoDB DEFAULT CHARSET=utf8mb4;

--
-- Zrzut danych tabeli `user_conversation_relation`
--

INSERT INTO `user_conversation_relation` (`user_id`, `conversation_id`) VALUES
(1, 1),
(2, 1),
(1, 2),
(2, 2),
(3, 2),
(3, 1),
(1, 2),
(3, 2),
(1, 3),
(3, 3),
(2, 4),
(6, 4),
(1, 5),
(6, 5),
(6, 6),
(3, 6),
(3, 5),
(3, 5),
(3, 5),
(1, 7),
(2, 7),
(3, 7),
(3, 5),
(2, 5),
(6, 7),
(2, 7),
(1, 7),
(6, 1);

-- --------------------------------------------------------

--
-- Struktura tabeli dla tabeli `user_file_relation`
--

CREATE TABLE `user_file_relation` (
  `user_id` int(11) NOT NULL,
  `file_id` int(11) NOT NULL
) ENGINE=InnoDB DEFAULT CHARSET=utf8mb4;

--
-- Indeksy dla zrzutw tabel
--

--
-- Indeksy dla tabeli `conversation`
--
ALTER TABLE `conversation`
  ADD PRIMARY KEY (`conversation_id`);

--
-- Indeksy dla tabeli `files`
--
ALTER TABLE `files`
  ADD PRIMARY KEY (`file_id`);

--
-- Indeksy dla tabeli `messages`
--
ALTER TABLE `messages`
  ADD PRIMARY KEY (`message_id`);

--
-- Indeksy dla tabeli `users`
--
ALTER TABLE `users`
  ADD PRIMARY KEY (`user_id`);

--
-- AUTO_INCREMENT dla zrzuconych tabel
--

--
-- AUTO_INCREMENT dla tabeli `conversation`
--
ALTER TABLE `conversation`
  MODIFY `conversation_id` int(11) NOT NULL AUTO_INCREMENT, AUTO_INCREMENT=9;

--
-- AUTO_INCREMENT dla tabeli `files`
--
ALTER TABLE `files`
  MODIFY `file_id` int(11) NOT NULL AUTO_INCREMENT, AUTO_INCREMENT=2;

--
-- AUTO_INCREMENT dla tabeli `messages`
--
ALTER TABLE `messages`
  MODIFY `message_id` int(11) NOT NULL AUTO_INCREMENT, AUTO_INCREMENT=43;

--
-- AUTO_INCREMENT dla tabeli `users`
--
ALTER TABLE `users`
  MODIFY `user_id` int(20) NOT NULL AUTO_INCREMENT, AUTO_INCREMENT=14;
COMMIT;

/*!40101 SET CHARACTER_SET_CLIENT=@OLD_CHARACTER_SET_CLIENT */;
/*!40101 SET CHARACTER_SET_RESULTS=@OLD_CHARACTER_SET_RESULTS */;
/*!40101 SET COLLATION_CONNECTION=@OLD_COLLATION_CONNECTION */;
